Date,Symbol,Prev Close,Open,High,Low,Last,Close,VWAP,Volume,Turnover,Trades,Deliverable Volume,%Deliverble
01-01-2018,TCS,2701.2,2682.3,2694.8,2635,2650,2645.6,2654.94,675880,1.79442E+14,19464,330691,0.4893
02-01-2018,TCS,2645.6,2660,2669.6,2620.2,,2631.2,2641.06,960145,2.5358E+14,46813,555820,0.5789
03-01-2018,TCS,2631.2,2632,,2631.2,2639,2638.65,2649.21,628560,1.66519E+14,32104,361072,0.5744
04-01-2018,TCS,2638.65,2650,2662,2640,2650,2657.1,2649.94,456541,1.20981E+14,32647,264561,0.5795
05-01-2018,TCS,,2650,2699.5,2650,2695,2689.2,2684.95,576853,1.54882E+14,30836,318083,0.5514
08-01-2018,TCS,,2700,2726.85,2681.85,2708.8,2714.4,2709.74,621110,1.68305E+14,43815,345599,0.5564
09-01-2018,TCS,2714.4,2715,2721,2676.55,,2709,2703.56,,2.90551E+14,47403,612650,0.5701
10-01-2018,TCS,,2711,2816,2694.65,2803,2806.6,2763.3,1682925,4.65042E+14,70764,699460,
11-01-2018,TCS,2806.6,2810,2821.9,2782.2,2792.5,2790.5,2796.58,1260524,3.52516E+14,,,0.4587
12-01-2018,TCS,2790.5,,2805,2740.55,2769.9,2776.35,2764.28,1680157,4.64442E+14,90884,472438,0.2812
15-01-2018,TCS,2776.35,2777.15,2808,2735.05,2737.4,2746.1,2768.32,728607,2.01701E+14,49926,394675,
16-01-2018,TCS,2746.1,2756,2861.65,2750.55,2860,2850.85,2834.5,2133876,6.04846E+14,,639155,
17-01-2018,TCS,2850.85,2870,,2862.15,2895,2888.95,2900.36,2140403,6.20795E+14,94873,965845,0.4512
,TCS,2888.95,2897,2933,2868.05,2926.55,2918.2,2896.35,1104739,,51786,568379,0.5145
19-01-2018,TCS,2918.2,2930.55,2982,2903.65,2974.85,2959.3,2930.77,910000,2.667E+14,44039,436952,0.4802
22-01-2018,TCS,2959.3,2961,3134.7,2922,3090,3116.4,3052.16,2183555,,97757,663651,0.3039
23-01-2018,TCS,3116.4,3114.95,3142.35,3090.05,3097.9,3102,3112.03,1619805,5.04088E+14,,705309,0.4354
24-01-2018,TCS,3102,3090,3259.05,3082.65,3174.95,3174.6,3189.59,2810769,8.96519E+14,111512,862385,0.3068
25-01-2018,TCS,3174.6,3175,3179.8,3081,3133,3121.05,3123.06,1916922,5.98666E+14,,925615,0.4829
29-01-2018,TCS,3121.05,3131.4,3225,3122,3199.25,3198.85,3196.14,,5.01964E+14,,832172,0.5299
30-01-2018,TCS,3198.85,,,3143.7,3152.15,3152.85,3166.46,787379,,,384193,0.4879
31-01-2018,TCS,3152.85,3137,3150,3098.6,3111.15,,3119.14,1521607,4.74611E+14,,978756,0.6432
01-02-2018,TCS,3112.35,,3190,3088.8,3150,3138.6,3146.24,1200315,,66084,310672,
02-02-2018,TCS,,3120,3190,3103.45,,3153.65,3167.25,1228245,,,586030,0.4771
,TCS,3153.65,3110,3188,3076.85,3110,3103.2,3118.75,1378871,,75866,655249,0.4752
06-02-2018,TCS,3103.2,3010,3077.15,2985,3000,2997.25,3020.91,1328653,4.01374E+14,,728147,0.548
07-02-2018,TCS,2997.25,3027,3031,2947.45,,2955.05,2975.26,1090162,3.24351E+14,55520,506385,0.4645
08-02-2018,TCS,2955.05,,3027.6,,2966.2,2974.2,3000.15,1377502,,63513,601956,0.437
09-02-2018,TCS,2974.2,2950,2994,2896.65,2978.3,2971.7,2940.4,1051229,3.09104E+14,71919,421771,
12-02-2018,TCS,2971.7,2978.3,3023.35,2955.55,2960.15,2967.3,2981.33,987281,2.94341E+14,49385,512025,
14-02-2018,TCS,2967.3,2970,,2892.5,2900,2911.8,,1423766,4.18537E+14,81932,880898,0.6187
15-02-2018,TCS,,2931.95,2943,2905.1,2922,2925.85,,1232618,3.60595E+14,42920,702569,0.57
16-02-2018,TCS,2925.85,2923,2999.6,2923,2931,2933.05,2965.52,1257878,,52987,425282,0.3381
19-02-2018,TCS,2933.05,,2953.3,2895.2,2923.65,2923.6,2928.1,784112,,37241,332759,0.4244
20-02-2018,TCS,,2928,,2927.9,2943,2944.75,2959.27,944534,2.79513E+14,60862,401169,0.4247
21-02-2018,TCS,2944.75,2974,3062.6,2960.05,3042.35,3042.3,3016.25,1544614,4.65894E+14,96721,673804,0.4362
22-02-2018,TCS,3042.3,3052,3079,3022.5,3040.05,3050.2,3047.84,1731505,5.27734E+14,83526,796578,0.46
,TCS,3050.2,3050,3089,2992.1,,3075.8,3044.72,1681250,5.11894E+14,86645,706762,0.4204
26-02-2018,TCS,3075.8,3075,3089.95,3021.2,3025.6,3031.7,3044.1,681941,2.07589E+14,45004,292334,
27-02-2018,TCS,3031.7,3041,3078.55,3032,3042,3042.35,3054.42,858900,,49207,299428,0.3486
28-02-2018,TCS,,,3063.95,3021.45,3033.4,,3040.16,1353432,4.11465E+14,80437,,0.6366
01-03-2018,TCS,3035.05,3049,,3020,3033,3037.7,3042.25,859062,2.61348E+14,77493,522085,0.6077
05-03-2018,TCS,3037.7,3049,3113.65,3032.95,3103,3105.85,3075.76,1429084,4.39552E+14,81638,785748,0.5498
,TCS,3105.85,3122,3127,,3041,3042.8,3087.33,953382,2.9434E+14,60270,469034,0.492
07-03-2018,TCS,3042.8,3070,3089,3018.5,3028.7,3027.45,3045.28,958886,2.92008E+14,54736,437656,0.4564
08-03-2018,TCS,3027.45,3054.9,3054.9,2987.5,3001.85,3003.95,3017.6,975913,2.94492E+14,43364,655914,0.6721
09-03-2018,TCS,3003.95,,,2977.2,3035,3034.1,3030.68,936218,2.83738E+14,53978,310682,0.3318
12-03-2018,TCS,3034.1,,3083.9,3035.5,3046.95,3052.15,3060.88,1045670,3.20067E+14,,492433,0.4709
13-03-2018,TCS,3052.15,2924.9,2939.7,2872,2886.1,2886.8,2880.44,44033577,1.27E+16,216131,31556256,0.7166
,TCS,2886.8,2892.95,2923.05,2875.05,2887.85,2886.9,2899.62,1834334,5.31888E+14,75794,797351,0.4347
,TCS,2886.9,2895,2902.55,2855.6,2867,2869.7,2876.92,1174453,3.37881E+14,53254,440516,0.3751
16-03-2018,TCS,2869.7,2868.8,2872,2805,2828,2825.7,2834.32,3598741,1.02E+15,151066,2487922,0.6913
19-03-2018,TCS,2825.7,2829,2848,2820,,2831,2832.48,1744970,4.94259E+14,93179,1297258,0.7434
,TCS,2831,2820,2873.2,2819,2870,2864.85,,2012492,5.74016E+14,79442,1433569,0.7123
,TCS,2864.85,2872.5,2884.3,2850,2856.1,2856.75,2865.76,1953839,5.59924E+14,88110,1528562,0.7823
22-03-2018,TCS,2856.75,2859.95,2875.95,2822.55,2824,2831.35,2843.57,1163047,3.30721E+14,72687,,0.7535
23-03-2018,TCS,2831.35,2802,2834.1,2798.05,,2818.15,2816.79,1827061,5.14644E+14,77575,1259843,0.6895
26-03-2018,TCS,2818.15,2819,2827.4,2781.55,2817,,2812.33,1482105,4.16816E+14,76911,1046954,0.7064
,TCS,2817,2825,2863,,2843.8,2847.7,2845.6,1247287,3.54928E+14,101404,867902,0.6958
28-03-2018,TCS,2847.7,,,,2849.35,,2854.33,3432827,9.79842E+14,127771,2654970,0.7734
02-04-2018,TCS,2849.15,2840,2914,2840,2903,2909.65,2888.94,831494,2.40214E+14,67851,428437,0.5153
03-04-2018,TCS,,2892.1,2929.9,2892.1,2908.4,2911.25,2907.92,968645,2.81674E+14,49338,,0.6869
04-04-2018,TCS,2911.25,2929.45,2934,2892,,2910.9,2914.91,1420910,,73678,1068225,0.7518
05-04-2018,TCS,2910.9,2926.55,2963.75,2920.35,2954.1,2957.95,2949.56,904712,2.6685E+14,50519,619923,0.6852
06-04-2018,TCS,2957.95,,2960,2926.55,2939.7,2950.3,,564509,1.66174E+14,35618,327149,0.5795
09-04-2018,TCS,2950.3,2939.7,2963.5,,2925.05,2923.9,,617933,,61304,377241,0.6105
10-04-2018,TCS,2923.9,2925.7,2957.25,2925.7,,2937.6,2943.58,592266,1.74338E+14,56834,369579,0.624
11-04-2018,TCS,2937.6,2950.6,3025,2945.6,3010,3014.15,2987.68,1562208,4.66738E+14,79572,982143,0.6287
12-04-2018,TCS,3014.15,3010,3150,3007.95,3136,3139.25,3116.29,3057180,,138550,1663392,0.5441
13-04-2018,TCS,3139.25,3150,3240.8,3132.1,3145.5,,3181.37,4089559,1.30104E+15,147501,2142872,0.524
,TCS,3153.3,3116,3199.95,3110.75,3185.05,3187.65,3169.39,3135137,9.93646E+14,142448,1707483,0.5446
17-04-2018,TCS,3187.65,3187.65,3194.95,3147.2,3163.6,3166.6,3165.81,1650862,5.22632E+14,119475,1077647,0.6528
18-04-2018,TCS,3166.6,,3193.45,3145.85,3162.7,3159.1,3166.57,1216533,3.85223E+14,57846,,0.5542
19-04-2018,TCS,3159.1,,3217.2,3165.75,3191.15,3191.15,3190.56,2410476,7.69077E+14,108523,,0.5373
20-04-2018,TCS,,3250,3422.35,3240,3414,3402.45,3351.07,9232831,3.09399E+15,287034,2973300,0.322
23-04-2018,TCS,3402.45,3424,,3389.55,,3408.65,3478.05,7592955,2.64087E+15,296796,2307114,0.3038
,TCS,3408.65,3410,,,3380,3385.65,3385.7,4157168,1.40749E+15,191406,1852622,0.4456
25-04-2018,TCS,3385.65,3385,3483,3365.05,3466,3470.25,,4098287,1.41196E+15,186272,1646688,0.4018
26-04-2018,TCS,3470.25,3467,,3467,3523.95,,3528.84,6067517,2.14113E+15,155107,3148760,0.519
27-04-2018,TCS,3539.25,3525,3544,3420,3458,3451.95,3475.49,2250665,7.82217E+14,143297,1128370,0.5013
30-04-2018,TCS,3451.95,,3549,3437.6,3529,3532.1,3523.56,1729279,,109746,740868,0.4284
02-05-2018,TCS,3532.1,3530.5,3532.2,3471.3,3500,3499.75,3496.99,1579023,5.52183E+14,142452,1035607,0.6559
03-05-2018,TCS,3499.75,3509.8,3526,3470.4,3481.75,3481.85,3501.58,1880775,6.58568E+14,132523,,0.6097
04-05-2018,TCS,3481.85,3492,3497,3470,3479,3480.75,3485.14,1173622,4.09024E+14,60186,697005,0.5939
07-05-2018,TCS,3480.75,3490,,3410.9,3428,3420.95,3438.41,1742213,5.99044E+14,95521,1155927,0.6635
08-05-2018,TCS,,3434.7,3486.5,3396.7,3440.2,3441.2,3447.8,1496410,5.15932E+14,75803,710340,0.4747
09-05-2018,TCS,3441.2,3440.2,3494.75,3440.2,3488.5,3489.3,3480.95,,4.55142E+14,74986,754487,
10-05-2018,TCS,3489.3,3502.95,3511.15,3440.2,3446.3,3451.25,3478.59,1929339,6.71138E+14,78782,1044165,0.5412
11-05-2018,TCS,3451.25,3454.2,3485,3442.5,3461,3456.95,3461.07,1313938,4.54764E+14,44332,734225,0.5588
14-05-2018,TCS,3456.95,3457,3471,,3440,3433.55,3427.81,1216947,4.17146E+14,67155,738191,0.6066
15-05-2018,TCS,3433.55,3450,3495.8,3433.7,3487,,3477.97,,3.39605E+14,72769,426098,
16-05-2018,TCS,3482.4,3479.95,,3475.25,3497,3493.9,,824225,2.88001E+14,62359,462112,0.5607
17-05-2018,TCS,3493.9,3512.95,3533.15,3476,3480.8,3491.8,3509.69,,5.20846E+14,147144,968752,
18-05-2018,TCS,3491.8,3480.8,3517.7,3458,3495,3502.05,3487.86,937498,3.26986E+14,71488,,0.5527
,TCS,3502.05,3528.7,3592,3518.05,3551.8,3556.75,3567.15,1723089,6.14652E+14,,883903,0.513
22-05-2018,TCS,3556.75,3558,3574.95,3493.7,3514.4,3508.9,3520.43,928708,3.26945E+14,71360,523307,0.5635
23-05-2018,TCS,3508.9,3525,3545,3481,3498.95,3495.1,3513.84,753649,2.6482E+14,,407054,0.5401
24-05-2018,TCS,3495.1,3510,3615,3502.35,3610.75,3603.7,3579.69,,5.30209E+14,78667,655097,0.4423
25-05-2018,TCS,3603.7,3625,3674.8,3572.55,,3585.8,,1884886,6.848E+14,142355,954659,0.5065
28-05-2018,TCS,3585.8,3616.5,3616.5,3486,3499.35,3502.05,3516.38,1858399,,142950,1041835,0.5606
29-05-2018,TCS,3502.05,3529.9,3544,3488,3519.95,3523.5,3517.42,1762656,6.20001E+14,101072,,0.4736
30-05-2018,TCS,3523.5,3509.05,3533,3482.5,3507.5,3514.1,3508.9,1889553,6.63024E+14,125085,1124217,
31-05-2018,TCS,,1734,1759.05,1726.1,1748.85,1741.05,,5049371,8.79825E+14,207998,3447026,0.6827
01-06-2018,TCS,1741.05,1754,1757.5,1716.3,,1732.45,1742.29,1603856,2.79439E+14,74272,924751,0.5766
04-06-2018,TCS,1732.45,1745,1749,1712.6,1742,1744.25,1730.25,1681483,2.90939E+14,96686,928452,0.5522
05-06-2018,TCS,1744.25,1744,1751.9,1711.15,,1721.6,1728.88,2449568,4.235E+14,133067,1492228,
,TCS,1721.6,1723,1734.9,1715.2,1725,1725.75,1725.85,2236512,,,1573892,0.7037
07-06-2018,TCS,1725.75,1725,1749,1723.8,1734.05,,1738,2414762,4.19685E+14,105531,1639426,0.6789
08-06-2018,TCS,1735.55,1735,1757.3,1735,1742.95,1747.1,1748.59,2582138,4.5151E+14,90908,,0.6355
11-06-2018,TCS,,1747.1,1763,1743,1750.9,1749.7,1752.55,2179378,,104681,1659838,
12-06-2018,TCS,1749.7,1757,1785,1753,1781.05,1781,1773.52,4608875,,108707,3580858,0.7769
13-06-2018,TCS,1781,1816,1831.65,1798,1824,,1818.17,5370983,9.76538E+14,236378,2862488,0.533
14-06-2018,TCS,1824.1,1830,1832.3,1784,1784.95,1787.55,1795.49,3819998,6.85877E+14,185231,2405344,0.6297
15-06-2018,TCS,1787.55,1800,1847.1,1788.6,1840,,1823.42,9183574,1.67455E+15,232555,,0.4625
18-06-2018,TCS,,1867.95,1867.95,1822.15,1824,1829,1840.85,4674987,8.60596E+14,,2287621,
19-06-2018,TCS,1829,1822.15,1839,1821,1822.9,1824.5,1829.83,3245034,5.93786E+14,139033,1712806,0.5278
20-06-2018,TCS,1824.5,1832,,1818.6,1820,1822.45,1828.68,3107695,5.68297E+14,151059,2297300,0.7392
21-06-2018,TCS,1822.45,1832,1832,1817.6,1820,1819.35,1822.83,2910659,5.30564E+14,130989,2119842,0.7283
22-06-2018,TCS,1819.35,,1827,1799.55,1809,1809.8,1810.38,2949458,5.33963E+14,225703,2149173,0.7287
,TCS,1809.8,1811.9,1822.35,1806,1817.75,1819.25,1817.52,2083217,3.78628E+14,115086,,
26-06-2018,TCS,1819.25,1823,1861,1821,1852.05,,1842.52,,8.62246E+14,160270,3197021,0.6832
27-06-2018,TCS,1852,,1885.15,1851.25,1857.5,1858,1870.51,4081208,7.63392E+14,163411,1967182,0.482
28-06-2018,TCS,1858,1865,1871,1826.3,1844.1,1842.7,,,,176902,3110366,0.6363
29-06-2018,TCS,1842.7,1844.9,1867.4,1842.3,1844.95,1847.75,,3506276,6.49098E+14,,2265670,0.6462
,TCS,1847.75,1852,1857.8,1841.1,1854.05,1851.35,1852,2650290,4.90834E+14,137325,1969574,0.7432
03-07-2018,TCS,1851.35,1859.95,1879.9,,1874.25,,1872.16,3242233,6.06999E+14,191297,2047537,0.6315
04-07-2018,TCS,1874.05,1879.9,1879.9,,1867,1866.15,1863.61,2700614,5.03289E+14,116958,1997832,0.7398
05-07-2018,TCS,1866.15,1873,1887.5,1862.1,1883.8,1880.3,1874.33,2472571,4.63441E+14,94620,,0.6391
06-07-2018,TCS,1880.3,1882.85,1921,1881.65,1917.75,1912.95,1907.65,3713781,7.08461E+14,143673,2110559,0.5683
09-07-2018,TCS,,1924,,1876.5,1884.2,1883,1888.15,6151747,1.16154E+15,193730,4089052,0.6647
10-07-2018,TCS,1883,1898,1898.9,1870.75,1876.05,1875.1,1881.79,5303302,9.9797E+14,187687,3366084,0.6347
11-07-2018,TCS,,1900,1998,1894.15,1970,1979.9,,22903802,4.47081E+15,482657,9308170,0.4064
,TCS,1979.9,,1990.9,1960.5,1973,1971.35,1972.52,6921701,1.36532E+15,204057,3235315,0.4674
13-07-2018,TCS,1971.35,1975,1997.9,1974,,,1986.23,4148185,,146909,1571340,0.3788
16-07-2018,TCS,1981.1,1990,1996,1977.45,1988.85,1989.2,1988.74,2582159,5.13524E+14,112338,1428885,0.5534
17-07-2018,TCS,1989.2,1989,,1981,2000,2002.15,1994.6,3315492,6.61307E+14,,2074936,0.6258
18-07-2018,TCS,2002.15,2005,2011.7,1993.05,,2000.25,2000.88,2013869,4.02951E+14,93022,1182682,0.5873
19-07-2018,TCS,2000.25,2002.1,2010.45,1970,1986,1981.4,1984.27,1746318,3.46517E+14,81270,806524,0.4618
20-07-2018,TCS,1981.4,,,1984,1998.1,1996.6,1993.61,,3.85763E+14,97910,1145691,0.5921
23-07-2018,TCS,1996.6,2001,2009.95,1986,2001.1,2005.65,2005.83,2086201,4.18457E+14,88812,1490091,0.7143
24-07-2018,TCS,2005.65,2015,2015,1984.15,1996.45,1999,1998.52,,4.07382E+14,96571,1388444,0.6811
25-07-2018,TCS,1999,2001.9,2002,,1977.5,1981.5,1979.25,1535492,3.03913E+14,92993,878512,0.5721
26-07-2018,TCS,1981.5,1974.95,1985,1955.1,1956,1964.7,1968.67,3503036,6.89633E+14,110618,2533158,0.7231
27-07-2018,TCS,1964.7,1960.85,1964.65,1940.3,1943.75,1943.75,,2033977,3.96327E+14,103516,1389322,0.6831
30-07-2018,TCS,1943.75,1943,1954.7,1931.55,1944.3,,1942.3,,3.06739E+14,74802,862487,0.5461
31-07-2018,TCS,1944.6,1942,1947,,1947,1940.2,,2204803,4.26597E+14,125163,1494920,0.678
,TCS,1940.2,1949.95,1981.55,1949.8,1973,1976.5,,2425180,,94019,1409120,
02-08-2018,TCS,1976.5,1980,,1945,1947.5,1948.4,1960.41,1509287,2.95882E+14,85680,842778,0.5584
03-08-2018,TCS,1948.4,1956.5,,1956.5,1978,1979.45,1973.58,1505131,2.9705E+14,91920,938806,0.6237
,TCS,1979.45,1997,1998.95,1972.25,1975.05,1975.55,1981.25,1532249,3.03577E+14,62917,920478,0.6007
07-08-2018,TCS,1975.55,1978.2,1979.15,1960.5,1969,1967.35,1967.34,1353560,2.66291E+14,95485,,0.6757
08-08-2018,TCS,1967.35,,1978.3,1962,1975,1974,1969.57,1315062,2.5901E+14,78555,,0.6862
09-08-2018,TCS,1974,1980,1980.8,1966,,1974.35,1974.51,2060297,4.06807E+14,88956,1627842,0.7901
10-08-2018,TCS,1974.35,1980.95,,1972.05,1992,1993.1,1985.67,,,105306,2064227,0.7414
,TCS,1993.1,1997.8,,1990,1999.5,2000.15,1998.04,3559575,7.11218E+14,176860,2630963,0.7391
14-08-2018,TCS,2000.15,1992,2024.6,1982.4,2000,2003.55,2010.34,3311765,6.65777E+14,120349,1934826,0.5842
16-08-2018,TCS,2003.55,2000.3,2020.05,1995,2009.1,2008.5,2008.49,2152065,4.32241E+14,153660,1390016,0.6459
17-08-2018,TCS,2008.5,2013.85,2021.9,2004,2010,2012.75,2012.85,1213731,2.44306E+14,,719022,0.5924
20-08-2018,TCS,2012.75,2024,2024,2003.7,2014.15,2009.95,2011.43,,3.1922E+14,125610,1020783,0.6432
21-08-2018,TCS,,2010.15,2024,2004,2014,2017.65,2015.38,1376866,2.7749E+14,67624,826204,
23-08-2018,TCS,2017.65,2022.8,2038,2020.3,2033.9,2035.1,2030.81,3046791,6.18746E+14,147069,2229341,0.7317
24-08-2018,TCS,2035.1,2035.1,2046,2031,2041.6,,2041.86,1570533,3.2068E+14,,1071112,0.682
27-08-2018,TCS,2043,2043,2059,2035,2050.05,2050.9,2051.79,1532702,3.14479E+14,95164,,
28-08-2018,TCS,2050.9,2055,2072,2052,2069.95,,2065.5,1987983,4.10618E+14,108533,1297603,
29-08-2018,TCS,2069.2,2072.5,2076.6,2045.6,2073.25,2072,2065.1,1525867,3.15107E+14,,896703,0.5877
30-08-2018,TCS,2072,2068,2085,2065.5,2081.25,2082.4,,,5.004E+14,125517,1793156,0.7447
31-08-2018,TCS,2082.4,2082.3,2092,2074,2078,2078.4,,2504554,5.21472E+14,137612,1422197,0.5678
03-09-2018,TCS,2078.4,2084.8,2090,2048.4,2050.3,2052.9,2072.5,1439711,2.9838E+14,66713,816070,0.5668
04-09-2018,TCS,2052.9,2059.8,2104.75,2056.95,2100,2098.9,2093.77,4420803,9.25615E+14,272369,2931637,0.6631
,TCS,2098.9,2100,2107.25,2075.05,2077,2079.25,2086.52,1681106,3.50766E+14,,1034014,0.6151
06-09-2018,TCS,2079.25,2075,2081.5,2060.3,,2075.3,,2238097,4.63377E+14,123504,1585975,0.7086
07-09-2018,TCS,2075.3,2079.3,2084,,2078.75,2079.85,2076.27,1312182,2.72445E+14,91094,898428,0.6847
10-09-2018,TCS,2079.85,,2093.4,2074.25,2084,2080.75,2083.98,1530539,3.18962E+14,96119,1177046,0.769
11-09-2018,TCS,2080.75,,2089,2042.2,2045.15,2046.25,2055.93,3679745,7.56531E+14,153230,2033267,0.5526
12-09-2018,TCS,2046.25,2052.35,2068.9,2040,2045,2043.95,2048.93,2307661,4.72823E+14,135528,1632725,0.7075
14-09-2018,TCS,2043.95,2044,2071.55,2018.15,2066.95,2065.4,2042.02,3642038,,,2334308,0.6409
17-09-2018,TCS,2065.4,,2077.8,2054.55,2072,2074.15,2067.17,1033857,2.13716E+14,66371,547913,0.53
18-09-2018,TCS,2074.15,2073,,2057.6,,2070.75,2069.75,,3.01461E+14,77936,,0.6716
,TCS,2070.75,2071.9,2089,2066.85,2076,2077.9,,1301268,2.70862E+14,122321,893572,0.6867
21-09-2018,TCS,2077.9,2077,2121,2050.15,2111.9,2103.15,2083.75,4508530,9.39463E+14,,3097568,
24-09-2018,TCS,2103.15,2115,2210.5,2098.15,2208,2198.45,2168.27,3032226,6.57467E+14,134605,1315871,0.434
25-09-2018,TCS,2198.45,,2211.9,2153.8,2183.1,2183.2,2186.15,,6.27157E+14,141519,1361286,0.4745
26-09-2018,TCS,2183.2,2187,2199,2135.1,2147.15,2142.15,,1970951,4.26081E+14,95921,1029552,0.5224
27-09-2018,TCS,2142.15,2141.9,2209.7,,2185,2188.85,2175.57,3311802,7.20505E+14,110444,2154576,0.6506
28-09-2018,TCS,,2178,,2158.85,2186,2183.7,2177.54,2904371,6.32439E+14,150520,1991218,0.6856
01-10-2018,TCS,2183.7,2190.9,2275.95,2190.35,,2255.55,,3772208,8.45865E+14,201352,,0.526
,TCS,2255.55,,2255,2155.6,2156.65,2162.85,2195.08,3902322,8.56589E+14,,2169318,0.5559
04-10-2018,TCS,2162.85,2156.6,2156.65,2056.35,2063,2064.8,2084.35,4762419,,190870,2569525,0.5395
05-10-2018,TCS,2064.8,2050,2120,2020.9,2100,2102.65,2079.05,,7.10543E+14,141442,1731277,
08-10-2018,TCS,2102.65,2102.65,2122.2,2048.15,2077.4,2077.55,2074.99,2010154,4.17105E+14,133651,757445,
09-10-2018,TCS,2077.55,2080.35,2107.65,2053.2,2093.2,2091.8,2086.07,1867130,3.89497E+14,95316,945345,0.5063
10-10-2018,TCS,,2100,2105.95,2029,2044,2043.6,2063.1,,5.67263E+14,185433,1502793,0.5466
11-10-2018,TCS,2043.6,1985,2013,1941,1995,1979.95,1984.8,4700256,9.32905E+14,217064,2021364,0.4301
12-10-2018,TCS,1979.95,,1978,1903,1920,1918.3,1927.35,,1.80656E+15,337356,2762121,0.2947
15-10-2018,TCS,1918.3,1940,1955.55,1920,1954.6,1949.5,1939.74,2638151,5.11732E+14,102337,763748,0.2895
16-10-2018,TCS,1949.5,1958,,1935,1964.05,1962.3,1952.66,2815425,5.49757E+14,116402,1452366,0.5159
17-10-2018,TCS,1962.3,1970,1989,,1930,1929.4,1945.4,2779207,5.40666E+14,149723,1740869,0.6264
19-10-2018,TCS,1929.4,1929,,1870.05,1920,1913.2,1896.96,3428776,6.50426E+14,152721,2021191,0.5895
,TCS,1913.2,1914,1916,1886.95,1900.25,1903,1903.03,1778496,3.38453E+14,104583,1098447,
,TCS,1903,,1898,1837,1847.75,1843.65,1865.59,,,150962,1768972,0.6426
24-10-2018,TCS,1843.65,1852.05,1874,1811.1,,1848.5,1841.95,2735913,5.03941E+14,143163,1233577,
25-10-2018,TCS,1848.5,1844,1876.9,1825.05,1845,1853,1859.3,2507233,4.66171E+14,160372,1384218,0.5521
26-10-2018,TCS,,1853.9,1853.9,1791.1,1796,1799.1,1813.56,2285970,4.14574E+14,166483,1227023,0.5368
,TCS,1799.1,1808.7,1877.95,1784.35,1866,1871,1832.62,2609483,4.78219E+14,119651,1435920,
30-10-2018,TCS,1871,1867,1909.4,1845,1894,1894.8,,2404883,4.54664E+14,125360,1105832,0.4598
31-10-2018,TCS,1894.8,1900,1943.9,1875.45,1934.6,,1915.93,2769190,5.30557E+14,,,0.5294
01-11-2018,TCS,1938.15,1943.65,1944.35,1901.3,1928,1935.75,1918.75,2769759,5.31447E+14,136593,1759583,
02-11-2018,TCS,1935.75,1934.2,1954.6,1905,1913.45,,1926.04,1818635,3.50276E+14,,770182,0.4235
05-11-2018,TCS,1913.45,,1927.35,1884.75,1894,1890.85,1901.41,1713366,3.25781E+14,97267,932470,0.5442
06-11-2018,TCS,1890.85,1894,1937.5,1891,1930,,1926.88,,2.69514E+14,81458,581307,0.4156
07-11-2018,TCS,1932.7,1940,1949,1937,1941,1942.15,,144530,2.80714E+13,9190,41471,0.2869
09-11-2018,TCS,1942.15,1961,1961.95,1905,1908,1909.2,1918.61,2570479,4.93175E+14,201582,1692526,0.6584
12-11-2018,TCS,1909.2,1908.5,,1908.5,1917.8,1914.85,1928.01,2552008,4.92028E+14,94374,1323167,0.5185
13-11-2018,TCS,1914.85,1915,1939,1903,,1934.95,1927.95,1418432,2.73466E+14,60182,724102,0.5105
14-11-2018,TCS,1934.95,1925,1929.9,,1880,1880.65,1883.81,,4.5632E+14,112536,1410903,0.5825
15-11-2018,TCS,1880.65,1864,1899,1857.6,1877,1872.85,1881.5,1829123,3.4415E+14,,746855,0.4083
16-11-2018,TCS,1872.85,1889,1899.8,1870.25,,1886.6,1883.01,1829729,3.4454E+14,86826,1011076,0.5526
19-11-2018,TCS,1886.6,1899,1907.35,1864.3,1902,1902.45,1883.58,1740628,3.2786E+14,,964132,0.5539
20-11-2018,TCS,1902.45,,1902,1874.2,1880,1878.25,1883.47,1190182,2.24167E+14,60265,569446,0.4785
21-11-2018,TCS,1878.25,1871,1871.05,1798.55,1813,1812,,3840461,,182675,1879471,
22-11-2018,TCS,1812,1820,1847.6,1809.95,1816.2,1812.55,,3194219,5.84744E+14,139414,1785075,0.5588
26-11-2018,TCS,1812.55,1819,1860,,1846,1846.1,1813.41,4333177,7.85783E+14,203328,2541269,0.5865
27-11-2018,TCS,1846.1,1854,1897.9,1835.35,1895,1890.25,1864.24,3344839,6.23557E+14,143244,1708874,0.5109
28-11-2018,TCS,1890.25,1889,1989,1882.5,1985.05,1983.9,1951.77,5313249,1.03702E+15,227744,2551399,0.4802
29-11-2018,TCS,1983.9,1997,1997,1942.55,,1960.55,1964.64,4035441,7.92819E+14,,1363605,
30-11-2018,TCS,1960.55,1966,1991,1959.85,1974.8,1968.25,1972.18,5268901,1.03912E+15,205076,3365155,0.6387
,TCS,1968.25,1984,1990,1968.3,1984,1982.4,1978.67,1610576,3.1868E+14,125194,839773,0.5214
04-12-2018,TCS,1982.4,1983,2019.4,1971,2009.85,2010.85,2004.77,3270615,6.55682E+14,,1493209,0.4566
05-12-2018,TCS,2010.85,,2018,1985,2003.9,2006.75,2004.02,2501539,5.01312E+14,,1257790,0.5028
06-12-2018,TCS,,,2017,1979.6,1990,1992.7,1997.82,2321216,4.63737E+14,,1077051,0.464
07-12-2018,TCS,1992.7,1985.05,,1973,1999.85,,1991.36,1680420,3.34633E+14,99269,,0.4689
10-12-2018,TCS,1995.2,1975,2011,1960,,1975.8,1988.81,2010786,3.99907E+14,131125,881798,0.4385
,TCS,1975.8,1970,2010,1961,1997.05,2000,1993.07,2942014,5.86363E+14,155565,1411423,
12-12-2018,TCS,2000,2001.1,2022,1984.95,2016.5,2016.8,2011.87,,4.46634E+14,137802,941049,0.4239
13-12-2018,TCS,2016.8,2024,2029.7,1974.5,1981.95,1982.6,1995.57,3748429,7.48024E+14,230059,,0.5904
14-12-2018,TCS,1982.6,1983,1998.95,1975.25,1989,,1984.61,2473761,,,,0.587
17-12-2018,TCS,,1999,2004.9,1985,1992.9,1994.3,1993.85,1227921,2.4483E+14,82547,,0.4792
18-12-2018,TCS,1994.3,1991.9,2002,1976.4,1987.9,1987.85,1986.56,,3.51371E+14,98048,969344,0.548
19-12-2018,TCS,1987.85,1984.8,1984.8,1960.05,1970.8,1968.45,,2498833,4.9198E+14,162431,1521333,0.6088
20-12-2018,TCS,1968.45,1953.8,1974.9,1946,,,1955.65,1940277,3.79451E+14,110330,985457,0.5079
21-12-2018,TCS,,1948,1950,,1905,1895.8,1913.17,3729956,7.13605E+14,148411,2165114,0.5805
24-12-2018,TCS,1895.8,1905.8,1938.9,1905,1922,1918.5,1924.7,,,,584722,0.3137
26-12-2018,TCS,1918.5,1921.8,1921.8,1870.25,1892,1889.2,1884.77,2446614,4.6113E+14,97165,1206484,0.4931
27-12-2018,TCS,1889.2,,1941.7,1872.1,1909.1,1908.95,1920.44,4968201,9.54115E+14,143656,1869270,0.3762
28-12-2018,TCS,1908.95,1915,1920,1893,1897,1896.05,1907.36,2239130,4.27084E+14,112230,1238176,0.553
31-12-2018,TCS,1896.05,1908,1909,1886.15,1894.75,1893.05,1896.42,1879740,3.56477E+14,66284,1025862,
01-01-2019,TCS,1893.05,1896,1910,1885,1905.9,1902.8,1899.78,1094883,2.08003E+14,32636,489139,0.4468
02-01-2019,TCS,1902.8,1905,1934.45,1900,1919,1923.3,,2100463,4.03899E+14,,664045,0.3161
,TCS,1923.3,1919,1944.95,,1901,1899.95,1916.85,2611668,5.00618E+14,144072,1250117,0.4787
04-01-2019,TCS,1899.95,1900,1901.2,,1882,1876.85,1869.19,4280862,8.00174E+14,208198,1657983,0.3873
07-01-2019,TCS,1876.85,1891.8,1908.8,1881,1898,,1894.04,1856423,3.51613E+14,,956009,0.515
08-01-2019,TCS,1897.9,1905.4,1906.4,1883.3,1891,1893.55,1892.03,1691756,3.20085E+14,,,0.47
09-01-2019,TCS,1893.55,1907.4,1919,1866.7,1884.6,1886.95,1897.56,2414376,4.58142E+14,120123,996472,0.4127
10-01-2019,TCS,1886.95,1890,1905,1872.1,1883,1888.55,1891.77,,5.77645E+14,123512,1290181,0.4225
11-01-2019,TCS,1888.55,1870,1875,1835,1843.45,1842.55,1849.37,9209862,1.70324E+15,290559,2969901,0.3225
14-01-2019,TCS,,1850,1851,1810,,1813.25,1817.21,3615370,6.56989E+14,,2059040,0.5695
15-01-2019,TCS,,1810,1869.35,,1866,,1857.55,7711653,1.43248E+15,199057,1656095,0.2148
16-01-2019,TCS,1867.8,1870,1875,1847,1873.95,1870.15,1861.89,2359280,4.39272E+14,131093,1033927,
17-01-2019,TCS,1870.15,1878,1898,1871.3,1895,,1887.33,2625816,4.95579E+14,124983,1357445,0.517
18-01-2019,TCS,1894.3,1881,1904.2,,1899.5,1900.65,1891.36,1683728,3.18454E+14,110667,811536,0.482
21-01-2019,TCS,1900.65,1902,1932,1895.45,1903.5,1908.7,1916.27,2409803,,119665,1055927,0.4382
22-01-2019,TCS,1908.7,1907.1,1918.25,1890,1896.7,1901.9,1902.97,2457093,4.67576E+14,186202,1563235,0.6362
23-01-2019,TCS,,1901,1906.1,1870,1881,1875.6,1882.8,2578169,4.85418E+14,116599,,
24-01-2019,TCS,1875.6,1884.8,1905.25,1875,1902,1901.55,1893.8,1962927,,109822,967677,0.493
,TCS,1901.55,1902,1935,1901,1919.5,1920.8,1921.92,,4.47247E+14,96992,1023079,0.4396
28-01-2019,TCS,1920.8,1933,1962,1925.5,1960,1955,1948.39,2769033,5.39514E+14,108034,1458544,0.5267
29-01-2019,TCS,1955,1962,1989.05,1936.65,1983.35,1982.75,1959.99,2557626,,120832,1311491,0.5128
30-01-2019,TCS,1982.75,1979.6,1989.5,1954.65,1984.15,1981.4,1975.06,2429575,4.79857E+14,112445,1325919,0.5457
31-01-2019,TCS,1981.4,1987,2019.75,1985,2009.5,2014.1,2008.37,4094319,8.22292E+14,146142,2810409,0.6864
,TCS,2014.1,2009.5,2034.75,1998.1,2024.2,2029.95,2022.08,3064163,6.19598E+14,113684,1682369,0.549
04-02-2019,TCS,2029.95,2029.95,2055.45,2023,2049.2,2050.25,2039.87,1590764,3.24495E+14,67625,718838,0.4519
,TCS,2050.25,2050,2055,2028,,,2043.13,1111404,2.27074E+14,50408,333979,0.3005
06-02-2019,TCS,,2049.9,2086.85,2041.05,2070,2074.8,2067.55,1789812,3.70053E+14,84074,,0.4954
07-02-2019,TCS,2074.8,,2097.95,2067,2078.25,2082.9,2084.77,1339945,2.79348E+14,67902,658726,0.4916
08-02-2019,TCS,2082.9,2075,2089.5,2051,2055.65,2061.4,2072.46,1684474,3.491E+14,71171,936611,
11-02-2019,TCS,2061.4,2060,2096,2048.9,2065.6,2065.9,2077.11,1778730,3.69462E+14,83603,901516,0.5068
12-02-2019,TCS,,2070,2070,2018,2051,2051.6,2042.96,2422903,4.9499E+14,115864,1168012,0.4821
13-02-2019,TCS,,2062,2083,2050.5,2057,,2064.32,2808581,5.7978E+14,,,
14-02-2019,TCS,2065.4,2060.05,,2033.05,2049,,2050.83,1724085,3.53581E+14,82641,917991,0.5325
15-02-2019,TCS,2044.6,2049,2052,2010.95,2034.6,2029.7,2031.88,1930065,,96728,1068343,0.5535
18-02-2019,TCS,2029.7,2037.6,2041.95,1962.65,1969.6,1970.3,1988.87,2942184,5.85163E+14,100585,1668905,0.5672
19-02-2019,TCS,1970.3,1970,,1892,1907.6,1904.8,1930.07,4408554,8.50883E+14,161765,2254434,0.5114
20-02-2019,TCS,1904.8,1915,1933.8,1881.3,1913.3,1914.75,1908.2,4645778,8.86509E+14,139504,2232869,0.4806
21-02-2019,TCS,1914.75,1914.75,1940,1897.05,1912,1914.2,1922.84,4683919,9.00645E+14,171685,,0.4985
22-02-2019,TCS,1914.2,1917.2,1930,1905.1,1929,1925.65,1920.72,2271955,4.36379E+14,112148,1355421,0.5966
,TCS,1925.65,,,1930.5,1987,1985.15,1961.61,2934880,5.75709E+14,,1341508,0.4571
26-02-2019,TCS,1985.15,1984,2045.15,1972.25,2032.5,2038.7,2022.12,6453309,1.30494E+15,177907,,0.5217
27-02-2019,TCS,,2040,2074.95,2022,2052.5,2058.1,,4732082,9.70195E+14,168823,2532055,0.5351
28-02-2019,TCS,,2060,2071.35,1977.6,1983.5,1983.45,2009.42,8454295,1.69882E+15,284872,3927877,0.4646
01-03-2019,TCS,1983.45,1995.05,2005,,1995,1995.4,1993.73,4148548,8.27106E+14,128204,2071633,0.4994
05-03-2019,TCS,1995.4,2005,2007,1976.6,1985.05,1988.1,1987.11,2449622,,151723,1394714,0.5694
06-03-2019,TCS,,1989.3,2015,1985.05,2005,1999.6,2001.3,2635047,5.27353E+14,,1257394,0.4772
07-03-2019,TCS,1999.6,2005,2024.05,2000.2,,2013.3,2014.4,2539884,5.11633E+14,126121,1392383,0.5482
08-03-2019,TCS,,2025,2033,2010.05,2022.75,2022.7,2023.03,2031071,4.10892E+14,116872,971744,0.4784
11-03-2019,TCS,2022.7,2028.9,2033,2003.65,2016.15,2014.8,2017.1,3111689,6.27659E+14,104833,2195339,0.7055
12-03-2019,TCS,2014.8,2014.05,2024.8,,2009.1,2012.45,2015.6,,5.35858E+14,132223,1716971,0.6458
13-03-2019,TCS,2012.45,2013,2015.9,1978.6,1995,2000.5,2001.12,1833163,3.66837E+14,112785,821473,0.4481
14-03-2019,TCS,2000.5,2004.95,2007.8,1981,1990.4,1987.4,1991.28,1905495,3.79437E+14,124863,1000627,
15-03-2019,TCS,1987.4,1998.9,2068.95,1991,2036,2039.95,2040.01,5184318,1.05761E+15,164284,,
,TCS,,2043,2064.6,2011,,2022.8,2033.02,2349915,4.77744E+14,116385,,0.3693
19-03-2019,TCS,2022.8,,2030,,2028.5,2022.8,2010.71,2373993,4.77342E+14,135360,1176359,0.4955
20-03-2019,TCS,2022.8,2028,2044.8,2000,2000.25,2015.05,2025.82,3091165,,161415,1678488,
,TCS,2015.05,2015,2016,1983.3,2010,2005.65,1998.96,,6.29303E+14,155770,1787595,0.5678
25-03-2019,TCS,2005.65,2007.8,2007.8,1977.2,,1984.25,,2429205,4.82896E+14,94852,1430988,0.5891
26-03-2019,TCS,1984.25,1984,1994.95,1958.05,1977.4,1982.65,1971.46,2316539,4.56696E+14,,893480,0.3857
27-03-2019,TCS,1982.65,1994,1998,1961,1964.85,1967.9,1979.12,,4.485E+14,110306,1163070,0.5132
28-03-2019,TCS,1967.9,1980,2014.6,1972.8,2004.45,2000.3,1993.96,4054489,8.08451E+14,144600,,0.5305
,TCS,2000.3,2019,2024.9,1983.55,2000,2001.65,2001.7,,5.90293E+14,134193,1191681,0.4041
01-04-2019,TCS,,2010,2039.95,2008.25,2034.95,2031.65,2027.91,2095740,4.24996E+14,109983,748739,0.3573
02-04-2019,TCS,2031.65,2037.1,2086,2037,2079,2079.3,2064.13,3719663,7.67786E+14,124157,1757245,0.4724
03-04-2019,TCS,2079.3,2085,2089.6,2058.1,,2079.3,2073.86,2939886,6.09692E+14,119988,1164726,0.3962
04-04-2019,TCS,2079.3,2078.15,2079.7,2007.4,2017,,2039.77,4397518,,145227,2310866,0.5255
05-04-2019,TCS,2014.5,2028.65,2054.4,2018.8,2051,,2037.19,,6.42144E+14,,1536645,0.4875
08-04-2019,TCS,2048.3,,2075,2032.7,2073.6,2070.75,2056.64,2194294,4.51288E+14,130397,788699,0.3594
09-04-2019,TCS,2070.75,2070,2098,2057.65,2087.45,2091.5,2085.63,2690970,5.61237E+14,122603,1036682,0.3852
10-04-2019,TCS,2091.5,,2085.5,2036,2043.65,,2053.91,3313062,6.80472E+14,168190,1821699,0.5499
11-04-2019,TCS,2040.25,2045,2055,2013.65,2025,2019.5,2028.47,3422442,6.94231E+14,133153,1568180,0.4582
12-04-2019,TCS,2019.5,2038,,2007,2013.05,2014.5,2019.97,3198471,6.46081E+14,126989,1040440,0.3253
15-04-2019,TCS,2014.5,2070,2119.8,2041,2113,2113.3,2086.02,9189201,1.91689E+15,282918,3402175,
16-04-2019,TCS,2113.3,2120,2155.95,,2137,2131.8,2137.54,5771952,,222230,2514452,0.4356
18-04-2019,TCS,2131.8,2149.9,2155,,2149.25,2150.05,2138.81,3413728,7.30131E+14,159168,1564757,0.4584
22-04-2019,TCS,2150.05,2148,2176,2145.6,2160.3,2161.45,2165.74,2007135,4.34693E+14,79881,717594,0.3575
,TCS,2161.45,2163,,2134.05,2163,2155.05,2147.21,,4.64553E+14,,970246,0.4485
24-04-2019,TCS,2155.05,2158,2195,2156.1,2168.6,2183.45,2172.32,3003071,6.52362E+14,128669,,0.5724
,TCS,2183.45,2175,2205,,2203,2195,2189.55,4211526,9.22134E+14,108403,,0.7055
26-04-2019,TCS,2195,2203,2243.95,2193.15,2231.1,2238.55,2225.36,2716958,6.0462E+14,110079,1175323,0.4326
30-04-2019,TCS,2238.55,2238.55,2266.95,,2256.25,2260.35,2252.48,3488395,7.85754E+14,135194,,0.5811
02-05-2019,TCS,2260.35,2255,2259.4,2211.1,2214.7,2215.4,2227.88,2457699,5.47545E+14,106215,1064368,0.4331
03-05-2019,TCS,2215.4,2185,2186.05,2125,2137,,2153,3780886,8.14026E+14,188561,,0.4342
06-05-2019,TCS,,2110,2165,2108.5,2155.2,2157.85,2150.11,2891422,6.21688E+14,109314,1224571,0.4235
07-05-2019,TCS,,2160.05,2184.35,2138.8,2154,,2163.53,2201698,4.76344E+14,86096,975603,0.4431
08-05-2019,TCS,2151.95,,2168,2130.4,2156,,,1824895,3.9269E+14,77713,781526,0.4283
09-05-2019,TCS,2152.85,,2184.1,2136.1,2171.2,2172.55,2166.98,2264162,4.9064E+14,106297,1251459,0.5527
10-05-2019,TCS,2172.55,,2192,2125.85,,2135.8,2161.83,2039633,4.40935E+14,85446,873181,0.4281
13-05-2019,TCS,2135.8,2133,2167,2121.65,2134,2128.75,2143.87,1701744,3.64833E+14,74014,677242,0.398
14-05-2019,TCS,2128.75,2135,2159.8,2072.35,2095.8,2092.35,2101.14,2456110,,118567,926566,0.3772
15-05-2019,TCS,2092.35,2097,2124,2084.5,2095,2095.4,2103.66,2346876,4.93702E+14,119315,1108059,0.4721
,TCS,2095.4,2096,2124,2077.05,2111.5,2108.75,2107.55,1946529,4.1024E+14,118994,916519,0.4708
17-05-2019,TCS,2108.75,2112.6,2135,,,2095.45,2107.34,1947908,4.10489E+14,,891442,0.4576
20-05-2019,TCS,2095.45,2125,2151.4,2050,2148,2143.95,,2625116,5.56394E+14,112038,1154403,
21-05-2019,TCS,2143.95,2148.05,2148.7,2102.55,2106.2,2109.75,2122.37,1863157,3.95432E+14,100432,1042172,
22-05-2019,TCS,2109.75,2110,2121.95,2075,2090,2081.75,2091.31,2595795,5.42861E+14,154844,1410070,0.5432
23-05-2019,TCS,2081.75,2098,2115.35,2050,2057,2054.05,2071.74,2541294,,122224,1169296,0.4601
24-05-2019,TCS,,2070,2070,2032.25,2050,2048,2051.14,2274208,,114179,1255954,
27-05-2019,TCS,2048,2054.8,2068.95,,2058,2055.15,,2329820,4.78747E+14,85924,1377094,0.5911
28-05-2019,TCS,2055.15,2060,2097.5,2045,,2073.75,2076.46,5872979,1.2195E+15,205972,4034671,0.687
,TCS,2073.75,2080,2123.7,,,,2109.46,3281320,6.92181E+14,177202,,0.4597
30-05-2019,TCS,2107.55,2123,2156.55,2114.4,2146.3,2146.3,,4971725,1.06525E+15,,2210404,0.4446
31-05-2019,TCS,2146.3,,2204.95,2152.25,2200,2196.55,2184.11,4265370,9.31606E+14,,2338193,
03-06-2019,TCS,2196.55,2201,2247.65,2185.65,2240.1,2242.3,2223.68,3682419,,138425,1964140,0.5334
04-06-2019,TCS,,2224,2224,2175,2188,2183.1,2195.01,2408658,5.28702E+14,98393,973876,0.4043
06-06-2019,TCS,2183.1,2199,2199,2152,2166,2166.1,2169.63,3735467,8.1046E+14,116134,2225149,0.5957
07-06-2019,TCS,2166.1,2174,2189.8,2142.1,2179.8,2181.75,2161.21,2659446,5.74761E+14,79783,886597,0.3334
10-06-2019,TCS,2181.75,2196.7,2235.85,2185.5,2229.1,2231.5,2219.98,2080593,4.61888E+14,106316,814523,
11-06-2019,TCS,2231.5,2237,2263.95,2231,2252,2252.8,2250.89,3048937,6.86284E+14,148188,1367975,0.4487
12-06-2019,TCS,2252.8,2245,2266.9,2219,2264,2260.9,2241.29,2404448,5.38907E+14,141774,1036077,0.4309
13-06-2019,TCS,2260.9,2264,2285,2243.05,2244,2254.1,2265.77,3320916,7.52442E+14,138967,1358755,0.4092
14-06-2019,TCS,,2257.25,2263.1,,2249.8,2254.5,2250.08,2131408,4.79583E+14,130534,947049,0.4443
17-06-2019,TCS,2254.5,2256,2262,2241.45,2244,2249.2,2252.43,1489497,3.35499E+14,82160,649266,0.4043
,TCS,2249.2,2244,2260,2231.2,2253.5,2250.85,2245.75,1877447,4.21627E+14,148431,959921,0.4934
,TCS,2250.85,2255,2276,2243.15,2261.2,2259.9,,1652817,3.73899E+14,88350,715271,0.4328
20-06-2019,TCS,2259.9,,2284,2212,2283.3,2277.95,2248.36,2199377,,123696,870081,0.3956
,TCS,2277.95,2285,2292.5,2242,2252.05,2249.85,2255.87,3871804,8.73428E+14,141057,2767225,0.7147
24-06-2019,TCS,2249.85,2254.15,2280,2250.8,2277,2275.5,2267.8,1382424,3.13507E+14,78153,528471,0.3823
25-06-2019,TCS,2275.5,2270,2274.45,2250.5,2263,,,1386077,,99699,598681,0.4319
26-06-2019,TCS,2267.8,2265,2266.8,2250,2253.05,2254.2,2259.22,1762224,3.98125E+14,94030,931941,0.5288
27-06-2019,TCS,,,2264,2241.3,2261.5,2252.55,2254.5,2813464,,138850,1814968,0.6451
28-06-2019,TCS,2252.55,2260,2261.95,2222.5,2228,2227.2,2234.73,2372928,5.30285E+14,115508,1468460,
01-07-2019,TCS,,2235,2255,,2233.05,2239.55,2237.15,2769940,6.19676E+14,129268,1579799,0.5703
02-07-2019,TCS,2239.55,2244.9,2257,,2254.3,,2237.79,1771746,3.9648E+14,,816451,0.4608
,TCS,2252.1,2252.2,2258.8,2232,2234,2237.65,2242.16,1656881,3.715E+14,87941,739089,0.4461
04-07-2019,TCS,2237.65,2234,2252,2230.1,2241,2242.65,2241.04,984140,2.2055E+14,59990,352899,0.3586
05-07-2019,TCS,2242.65,,2250,2140,2166.85,2163.1,2179.39,4088470,,160276,1736073,0.4246
08-07-2019,TCS,2163.1,2149,2188.8,2132.1,2171.1,2175.4,2168.49,2788062,6.04588E+14,109097,1186748,0.4257
09-07-2019,TCS,,2174,2174.4,2104.55,,2133.35,2128.96,3977224,8.46734E+14,191613,1817164,0.4569
10-07-2019,TCS,2133.35,2080,2127.85,2071.3,2105.3,2108.2,,6343581,,223857,1665050,0.2625
11-07-2019,TCS,2108.2,2128,2129,2086.05,2101.95,2102.55,2103.2,2400346,5.0484E+14,,967380,0.403
12-07-2019,TCS,2102.55,2102.1,2119.75,2093.1,2108,2107.6,2108.31,,3.29049E+14,94025,,0.4869
15-07-2019,TCS,,2125,2153.6,2098,2135.5,2145.7,2126.77,2900415,6.16852E+14,158215,1436299,0.4952
16-07-2019,TCS,2145.7,2126,,2100,2105,2106,2108.89,,5.76865E+14,182859,1518786,0.5552
17-07-2019,TCS,2106,2108,2125,2092.1,2111.8,2117.25,2111.55,,3.80706E+14,,639367,
18-07-2019,TCS,2117.25,2116.2,2116.2,2060,2075.55,2065.95,2084.29,3072096,,167750,1936907,
,TCS,2065.95,2077,2097,2062.5,2079.9,2076.95,2080.79,1953177,4.06415E+14,108418,856415,0.4385
22-07-2019,TCS,2076.95,2077,2117.45,2068.8,2107.15,2109.9,2099.33,1920167,4.03107E+14,113048,889344,0.4632
23-07-2019,TCS,2109.9,2127.9,2130,2102.4,2119.95,2112.45,2120.71,3538588,7.50431E+14,117545,2468145,0.6975
24-07-2019,TCS,2112.45,2110,2120.8,2076.5,2097.55,2096.8,,,5.06167E+14,112922,1199779,0.4972
25-07-2019,TCS,2096.8,2108.9,2135,2092.55,,2127.9,2118.42,2544464,5.39024E+14,119553,1320598,0.519
,TCS,2127.9,2129.8,2129.8,2095,2112.65,2109.05,2109.59,1720592,3.62974E+14,88967,,0.6115
29-07-2019,TCS,2109.05,2110.8,2142,,2125.1,2130,2123.42,1647090,3.49746E+14,95152,670671,0.4072
30-07-2019,TCS,2130,2130,2185,2120.45,2176.3,2179.15,2162.72,2851672,6.16737E+14,,1640143,0.5752
31-07-2019,TCS,2179.15,2171.75,2211.7,2147.15,2201,2205.7,2180.17,3000677,6.54199E+14,132679,1406687,0.4688
,TCS,2205.7,2200,2217.5,2166.25,2178.3,2180.05,2195.1,2375236,5.21387E+14,175166,1115202,0.4695
02-08-2019,TCS,2180.05,2173,2210,2165.5,2205,2205.3,2185.91,,5.46656E+14,154834,1184875,
05-08-2019,TCS,2205.3,2199.9,2252.25,2195.6,2240,2248.6,2241.19,,6.81251E+14,149146,1648531,0.5423
06-08-2019,TCS,2248.6,2232.8,2251.95,2211.45,,2214.9,2232.27,,6.44113E+14,181107,1254987,0.4349
07-08-2019,TCS,2214.9,2230,2238.5,2207.25,2218.9,2213.45,,2165362,4.81391E+14,141079,1149124,0.5307
08-08-2019,TCS,2213.45,2228.9,2281,2218.9,2253.8,,2247.44,2073298,4.6596E+14,139214,942856,
09-08-2019,TCS,2258.1,2260,2267.9,2241.35,,2246.25,2253.09,1744550,3.93062E+14,119969,708230,0.406
13-08-2019,TCS,2246.25,2245,2246.25,2194.3,2200,2199.45,,1647281,3.65632E+14,157195,,0.5423
14-08-2019,TCS,2199.45,2181.1,2217.85,2167.4,2205.3,2204.4,2200.61,1945002,4.2802E+14,,969990,0.4987
16-08-2019,TCS,2204.4,2241.4,2241.4,,2162,2165.1,2173.77,3755507,8.1636E+14,191781,2121016,0.5648
19-08-2019,TCS,2165.1,2180,2186,2157.7,2166,2163,2171.81,974884,2.11727E+14,80584,358199,0.3674
,TCS,2163,2172,2205,2166.5,2190,2186.75,2190.28,1843611,4.03802E+14,104689,608831,0.3302
21-08-2019,TCS,2186.75,2184.95,,2182.25,2183,2186.2,2193.43,,2.66372E+14,75613,523155,0.4308
22-08-2019,TCS,2186.2,2187,2235.65,2170,2210,2216,2213.54,2131601,4.71839E+14,106338,923535,0.4333
23-08-2019,TCS,2216,2214.95,2259.9,2213.9,2250,2247.7,2244.15,2826425,6.34293E+14,142446,1480086,0.5237
26-08-2019,TCS,2247.7,,2282,2225,2267,2276.3,2259.83,2345475,5.30037E+14,113243,,0.4862
27-08-2019,TCS,2276.3,2270,,2229,2241.5,2236.5,2241.51,3432106,7.6931E+14,,2396488,0.6983
28-08-2019,TCS,2236.5,2240,,2216,,2239.25,2233.18,1294621,2.89113E+14,91252,538431,
29-08-2019,TCS,,2222.2,2248.2,2222.2,2232,2233.45,2235.21,1670652,3.73426E+14,98341,761633,0.4559
30-08-2019,TCS,2233.45,2241,2266,,2259,2259.6,2241.92,2583625,5.79227E+14,117933,1472256,0.5698
03-09-2019,TCS,,2270,2296.2,2236.95,2246,2251.6,2275.88,2545060,5.79225E+14,131301,1257157,0.494
04-09-2019,TCS,2251.6,2265,,2233,2245.2,2245.4,2248.41,2228092,,128138,1359618,0.6102
05-09-2019,TCS,2245.4,2242.2,2253.65,2207.3,2215.95,2215.3,2225.26,,4.575E+14,133165,1200345,0.5838
06-09-2019,TCS,2215.3,2216,2233.5,,2198,2197.5,2204.18,1890550,4.16711E+14,118713,853437,0.4514
09-09-2019,TCS,2197.5,,2202.85,2179.8,2185,2182.85,2188.09,1703945,3.72839E+14,121273,677662,0.3977
11-09-2019,TCS,2182.85,2186,2195,2146.55,2151.6,2154,2162.64,2627440,5.6822E+14,199136,1433413,0.5456
,TCS,2154,2155,2165,,2134.6,2133.6,2135.46,2118859,,138766,1080259,0.5098
13-09-2019,TCS,2133.6,2135,2157.95,2115.55,2143,2141.95,2135.83,2291174,4.89356E+14,138321,873724,0.3813
16-09-2019,TCS,2141.95,2159.95,2173.4,2126.4,2150,2150,,2597948,5.58863E+14,151943,1165596,
17-09-2019,TCS,2150,2154.95,,2105.6,2126.4,2122.65,2123.78,2796530,5.93922E+14,121706,1594628,0.5702
18-09-2019,TCS,2122.65,2126.4,2142.95,2113.15,2141.15,2138.55,2133.02,1454663,3.10282E+14,,674870,0.4639
19-09-2019,TCS,2138.55,2135,2135.8,,2096.9,2101.95,2103.74,1652691,3.47683E+14,101537,791932,0.4792
20-09-2019,TCS,2101.95,2104.9,2129.4,2057,2069,2065.45,2083.7,6941979,1.4465E+15,275363,,0.6584
23-09-2019,TCS,2065.45,2099,2099,1975,2020,2015.8,,,1.27202E+15,293188,3672464,0.5808
24-09-2019,TCS,2015.8,2015,2061,2013,2047.3,2044.7,2045.07,4620978,9.45024E+14,219776,2506661,0.5425
25-09-2019,TCS,2044.7,2065,2092,2060.05,2084,2088.45,2077.98,4002232,8.31655E+14,205505,2508929,0.6269
26-09-2019,TCS,,2097.9,2107,2063,2089.6,2087.6,2084.45,4234281,8.82613E+14,216311,2698499,0.6373
27-09-2019,TCS,,2085,2085.2,,2059,2056.15,2065.56,2046795,4.22778E+14,125241,,0.5104
30-09-2019,TCS,2056.15,2061.85,2104,2060,2097,2099.3,2090.07,2620039,5.47608E+14,,1414661,0.5399
01-10-2019,TCS,2099.3,2095.95,2095.95,2039.7,,2059.95,2059.04,3342877,6.88311E+14,170294,2098408,0.6277
03-10-2019,TCS,2059.95,2070,2081.15,2046.15,2056,2060.25,,2317618,4.78698E+14,187925,1389047,0.5993
04-10-2019,TCS,2060.25,2060.6,2087.95,,2078,2079.35,2079.28,,4.49801E+14,128092,,0.6666
07-10-2019,TCS,2079.35,2080,,2041,2046,2047.7,2062.27,2177916,4.49145E+14,98775,1162115,0.5336
09-10-2019,TCS,2047.7,,2060,2015.5,2021.9,2020.1,2026.43,2066920,4.18846E+14,107493,984558,0.4763
10-10-2019,TCS,2020.1,2028,2039.05,1997.1,2002.8,2004.45,2015.15,2881452,5.80657E+14,125920,959388,
11-10-2019,TCS,2004.45,1931,1995,1925,1989,1986.85,1958.07,12593069,2.46581E+15,327238,6323332,0.5021
14-10-2019,TCS,1986.85,1995,2032.75,1968,2021,2021,2009.8,3510704,7.05581E+14,154256,1642252,0.4678
15-10-2019,TCS,2021,2032,2047,2022.7,2037.8,2037.3,2039.28,2261310,4.61145E+14,147982,1390076,0.6147
16-10-2019,TCS,2037.3,2038,2056,,2055,2046.4,2032.41,3034082,6.16649E+14,160140,1792942,0.5909
17-10-2019,TCS,,2014,2038,1999.3,2029,2030.95,2018.47,3818774,7.70808E+14,189836,2333221,0.611
18-10-2019,TCS,2030.95,2037.5,2063.9,2025,2059,2057.35,2046.03,3087901,6.31794E+14,115810,,0.641
22-10-2019,TCS,2057.35,,2111.5,2040.05,2050,,2067.79,5552505,1.14814E+15,236213,3583843,0.6454
23-10-2019,TCS,2051.4,2060,2083.85,2052.5,2082,2070.1,2068.82,2348134,4.85786E+14,204587,1352785,0.5761
24-10-2019,TCS,,2084,,2061.3,2079.75,,2077.28,2798671,5.81362E+14,156073,1754891,0.627
25-10-2019,TCS,2082,2094,2130,2075.05,2121.6,2124.95,2102.55,3954245,8.314E+14,165203,2535407,0.6412
27-10-2019,TCS,2124.95,2129,2129,2108.8,2117.65,2115.7,2117.14,224421,4.7513E+13,13145,76692,0.3417
29-10-2019,TCS,2115.7,2121.5,2201.7,2121.5,2197.5,,2173.21,5064173,1.10055E+15,261926,,0.7224
30-10-2019,TCS,2194.85,,2260,2176.85,,2252.8,2229.89,,1.15846E+15,180430,3259740,0.6275
31-10-2019,TCS,2252.8,2250,2284.95,,2274.55,,2267.61,4879261,1.10643E+15,170321,2815579,0.5771
01-11-2019,TCS,2269.65,2264,2275,2195,2207,2200.9,2218.97,,,189932,2399676,0.5751
04-11-2019,TCS,2200.9,2207,2229.2,2180.9,2194.1,2193.95,2197.42,2646411,5.81529E+14,111662,1206343,0.4558
05-11-2019,TCS,2193.95,2197,2211,2169,2198,2201.85,2187.98,2693475,5.89327E+14,136536,1572121,0.5837
06-11-2019,TCS,2201.85,2200,2210.8,2179,2190.8,2188.5,,,5.56766E+14,112401,1426496,0.5615
07-11-2019,TCS,2188.5,2204.5,,2175.2,2185,2185.35,2186.08,1915598,4.18766E+14,97328,,0.5653
08-11-2019,TCS,2185.35,2189.6,2189.6,2124,2130,2129.95,2149.77,,5.9952E+14,110953,1620822,0.5812
11-11-2019,TCS,,2135,2139,2091,2100.9,2100.95,2105.79,2983768,6.28319E+14,159080,1728479,0.5793
13-11-2019,TCS,2100.95,2118,2183.8,2118,2179,2178.6,2161.51,3823365,8.26423E+14,160217,1769830,0.4629
14-11-2019,TCS,2178.6,2187.5,2200,2146.7,,2196.8,2183.42,2995915,6.54134E+14,104976,1188996,0.3969
15-11-2019,TCS,2196.8,2196,2211.5,2168.75,2174.45,2174.45,2191.82,2724180,5.97092E+14,95061,1528537,0.5611
18-11-2019,TCS,2174.45,2178.4,2187.75,2148.75,2151,2152.6,2159.1,1611089,3.47851E+14,66947,935177,0.5805
19-11-2019,TCS,2152.6,2153,,,2110,2108.8,2116.98,2975313,6.29866E+14,119968,1817909,0.611
20-11-2019,TCS,2108.8,2121.95,2135,2094.5,,2108.55,,2894129,6.11419E+14,119231,1321728,0.4567
21-11-2019,TCS,2108.55,2112,2126.6,2107.4,,2118.1,2120.22,,4.3519E+14,90452,1219100,0.5939
22-11-2019,TCS,2118.1,2097,2107,2060.5,2067.1,2071.7,2079.37,3742049,7.78112E+14,,2162742,0.578
,TCS,2071.7,2074.55,2084.95,2052.2,2083.5,2081.5,2075.63,2737010,5.68102E+14,118827,1562308,0.5708
,TCS,2081.5,,2097.9,2035.05,2046.65,2046.65,2056.29,,,164453,4970094,0.7575
27-11-2019,TCS,2046.65,2052,2071.7,2046.55,2055,,2060.49,,5.99093E+14,108988,2020463,0.6949
28-11-2019,TCS,2054.3,2067.05,,2060,2075.9,2077.35,2081.33,2924429,6.08671E+14,142488,1651510,0.5647
29-11-2019,TCS,2077.35,2085,2085,2045.8,2051.65,2053.25,2055.87,2064271,4.24388E+14,105237,,0.5818
02-12-2019,TCS,2053.25,2060,2067.7,,2021,2021.05,,3809860,7.7358E+14,159643,2540551,0.6668
,TCS,2021.05,2027.7,2062,2010,2052.95,2051,2044.01,4664774,9.53485E+14,142334,2674853,0.5734
04-12-2019,TCS,2051,2053,2082,2045.5,,2078.5,2067.16,3334301,,108026,2056925,0.6169
05-12-2019,TCS,2078.5,2083,2126.8,2068.35,2120.2,2121.3,2107.54,3902721,8.22515E+14,168163,2093683,0.5365
06-12-2019,TCS,2121.3,2124,2128,2101,2123.65,2123.6,2116.56,,3.87216E+14,71365,815426,0.4457
09-12-2019,TCS,2123.6,2127.95,2127.95,2053.5,2060,2060.45,2079.93,2244747,4.66891E+14,100785,1047181,0.4665
10-12-2019,TCS,2060.45,2060,2060.85,2003.25,2016.25,2012.85,2020.99,4520045,9.13497E+14,174993,2272296,0.5027
11-12-2019,TCS,2012.85,2025.4,2048,2006.75,,2041.9,2032.84,4943024,1.00484E+15,165464,3004311,0.6078
,TCS,2041.9,2051.1,2083.65,1984,2003,2020.9,2039.92,7137306,1.45595E+15,146550,4452408,0.6238
13-12-2019,TCS,2020.9,2023,2077.4,2007,2070,2071.25,2050.09,5711133,1.17083E+15,173478,2245573,0.3932
16-12-2019,TCS,2071.25,2096,2136,2080.3,2130,2126.75,,5574177,1.17992E+15,172181,2852266,0.5117
17-12-2019,TCS,2126.75,2126.5,2169,2119,2168.7,,2154.7,6059673,1.30568E+15,217425,3457795,0.5706
18-12-2019,TCS,2164.95,2174,2203.45,2153,2166.8,2167.75,2182.48,8251081,1.80078E+15,198563,4520690,0.5479
19-12-2019,TCS,2167.75,2179.8,2236.5,2167.55,2231.7,2229.05,2202.61,6251505,1.37696E+15,181580,2570929,0.4112
20-12-2019,TCS,2229.05,2220,2246.7,2208.25,2219,2222.9,2225.89,5548338,1.235E+15,158986,2675704,0.4823
23-12-2019,TCS,2222.9,2210,2241.95,2210,2236,2231.7,2229.75,2247329,5.01098E+14,113685,,0.5202
24-12-2019,TCS,2231.7,2239,2243.55,,2216,2215.6,2223,1805896,4.0145E+14,100655,892665,0.4943
26-12-2019,TCS,2215.6,2216.4,2229,,2202,2201.95,2207.75,,4.15137E+14,89812,832102,0.4425
27-12-2019,TCS,2201.95,2208,2226.4,2176,2209.9,,2192.11,2720261,5.96312E+14,93892,1285882,0.4727
,TCS,2198.5,,2225,2177.1,2183.35,2183.2,2194.63,2288830,5.02314E+14,84027,935920,0.4089
31-12-2019,TCS,2183.2,2189,2197,2157.45,2165,2161.7,2171.67,1909289,,,837101,0.4384
01-01-2020,TCS,2161.7,2168,2183.9,2154,,2167.6,2170.54,1354908,2.94088E+14,,,0.1214
02-01-2020,TCS,2167.6,2179.95,2179.95,2149.2,2157,2157.65,2158.63,2380752,5.13916E+14,99242,1204079,0.5058
03-01-2020,TCS,2157.65,2164,2223,2164,2201,2200.65,2199.26,4655761,1.02392E+15,123516,1833823,0.3939
06-01-2020,TCS,2200.65,2205,2225.95,2187.9,2201.35,,2204.89,,6.66586E+14,135360,1000021,0.3308
07-01-2020,TCS,2200.45,2200.5,2214.65,2183.8,2205,2205.85,2203.53,2429317,5.35306E+14,95018,966753,
08-01-2020,TCS,2205.85,2205,,,2253.35,2255.25,2240.22,5197454,,172815,,0.4403
09-01-2020,TCS,2255.25,2248.75,2251.95,2210,2220,2214.35,2223.77,3734173,8.30392E+14,134309,1805834,
10-01-2020,TCS,2214.35,2228,2234,2208,2213,2213.55,2219.51,1915807,4.25215E+14,102938,767417,0.4006
13-01-2020,TCS,2213.55,2217.85,2218.95,2184.7,2193,2190.35,2197.65,2843893,6.24987E+14,113645,1486327,0.5226
14-01-2020,TCS,2190.35,2195,,2195,2210,2206.9,2212.56,2948452,6.52362E+14,132106,1276382,0.4329
15-01-2020,TCS,2206.9,2213,2231,,2225.05,2226.9,2212.65,,5.79864E+14,114594,1513859,
16-01-2020,TCS,2226.9,2226.95,2249,2215,,2238.8,2235.81,3117214,6.96948E+14,113056,1736185,0.557
17-01-2020,TCS,2238.8,2240.75,2253.55,2213,,2219.1,2232.37,3281059,7.32455E+14,123528,1603410,0.4887
20-01-2020,TCS,2219.1,2194.9,,2156.2,2174,2170.35,,5817599,1.26968E+15,216725,2321286,0.399
21-01-2020,TCS,,2169.95,2186.55,2158.05,2172.35,2171.05,,1902980,4.13127E+14,115866,865491,
22-01-2020,TCS,2171.05,2181,,2173.7,2209.8,2206.9,2198.89,1773686,3.90014E+14,109240,782190,
23-01-2020,TCS,2206.9,2209.8,,2183.7,2188,2190.95,2200.81,2069866,4.55538E+14,110107,1214278,0.5866
24-01-2020,TCS,2190.95,2190.95,2190.95,2170,2185,2183.4,2179.72,1319430,2.87599E+14,55949,607438,
27-01-2020,TCS,2183.4,2189.7,2193.45,2165,2168.3,2169.25,2172.99,1549101,,62160,771303,0.4979
28-01-2020,TCS,2169.25,2174,2187.8,2152,2183.8,2183.75,2169.48,1743024,3.78145E+14,79762,906541,0.5201
29-01-2020,TCS,2183.75,2185,,2150,2154,2154.6,2164.12,2306761,4.99212E+14,88479,1307797,0.5669
30-01-2020,TCS,2154.6,2160,2165,2125,2134.65,2137.85,2140.26,2098567,4.49149E+14,88883,,0.5034
31-01-2020,TCS,2137.85,2139.4,2144.35,2071.6,2082.4,2079.05,2098.15,3287223,6.89709E+14,131558,2194449,0.6676
01-02-2020,TCS,2079.05,2079.5,2180.7,2063.6,2167.5,2164.85,,3319716,,112061,,0.5419
03-02-2020,TCS,2164.85,2152,2194.7,2093.2,2110,2102.5,2136.37,4728073,1.01009E+15,194574,2519349,0.5328
,TCS,2102.5,2129,2136.7,2086.6,2111.95,2107.75,2111.28,3509339,7.40921E+14,130941,,0.4472
,TCS,2107.75,,2156.7,2104.3,2147.5,2146.55,2136.16,2439322,5.21079E+14,132082,1373557,0.5631
06-02-2020,TCS,2146.55,2145,2174.2,2115.5,2129.45,2128.35,2146.02,2640065,5.66563E+14,97158,1284341,0.4865
,TCS,2128.35,2139,2151,,2138,2136.55,,2083442,4.44067E+14,,,
10-02-2020,TCS,2136.55,2140.9,2167,,2153.1,,2149.9,2383032,5.12327E+14,,,0.5449
11-02-2020,TCS,2161.95,2163,2174.8,2147.6,2152.7,2153.4,2157.68,1335820,,,606633,0.4541
12-02-2020,TCS,2153.4,2151.1,2185,2150,,2170.75,2173.56,1620407,3.52206E+14,98406,791500,0.4885
13-02-2020,TCS,2170.75,2172.95,2197,2171,2191,2191.95,2186.71,1645948,3.59921E+14,73525,886163,0.5384
14-02-2020,TCS,,2188,,2171,2183,2184.2,2190.86,1500115,3.28655E+14,117257,662963,0.4419
17-02-2020,TCS,2184.2,2196.95,2217,,2202.05,,2204.55,1774724,3.91246E+14,81968,868712,0.4895
18-02-2020,TCS,2203.25,2199.95,2221,2186.05,2215,2215.75,,2486223,5.48979E+14,98311,1511442,0.6079
19-02-2020,TCS,2215.75,2215.75,,2190.5,2194.1,,2209.81,1760463,3.89029E+14,77338,1061209,0.6028
20-02-2020,TCS,2196.35,2204.5,,2151.25,,2156.8,2189.19,2317278,5.07297E+14,121407,1447215,0.6245
24-02-2020,TCS,2156.8,2156,2178.95,2106.7,2112,2115.35,2152.36,,6.65698E+14,120347,,0.605
25-02-2020,TCS,2115.35,2115.5,2176.65,2111,2163,2156.15,2148.89,2674567,5.74736E+14,116295,1382198,0.5168
26-02-2020,TCS,,2154,2163.9,2112.95,2122,2123.6,2137.17,2686842,5.74225E+14,155115,1586103,0.5903
27-02-2020,TCS,2123.6,2119.95,2119.95,2086.2,2097,2105.5,2101.98,2349001,4.93755E+14,112336,1244106,0.5296
28-02-2020,TCS,2105.5,2068,,1990,2010,2000.15,,,,229475,2304792,0.5362
02-03-2020,TCS,2000.15,2035,2053.95,1985.7,2000,,2035.99,2667076,5.43013E+14,118184,,0.4664
03-03-2020,TCS,2001.3,2020,2060,2012,,2036.2,2033.79,2757585,5.60834E+14,139234,1397749,0.5069
04-03-2020,TCS,2036.2,2056,2094.45,2025,2082.1,2083.2,2059.4,3237002,6.66628E+14,131156,1497508,0.4626
05-03-2020,TCS,2083.2,2085.7,2147.75,2084.05,,2125.05,2121.54,3937056,8.35262E+14,193693,2287407,0.581
06-03-2020,TCS,2125.05,2098,2123.65,,2115.4,2116.45,2097.98,2595027,5.44431E+14,130651,1250756,0.482
09-03-2020,TCS,2116.45,2075,2079.9,1935,1981,1972.35,1989.28,4940982,9.82901E+14,227592,2739821,0.5545
11-03-2020,TCS,1972.35,1933,1987.3,1920,,1953.7,1959.39,6796752,1.33175E+15,213057,4563612,
12-03-2020,TCS,1953.7,1904,1908.4,1758.35,1772.9,1769.85,1815.1,8728972,1.5844E+15,252037,5822556,0.667
13-03-2020,TCS,1769.85,1687.9,1820,1506.05,1820,,1736.57,8029725,1.39442E+15,280631,4008094,0.4992
16-03-2020,TCS,1806.3,1755,1842.25,1675.85,1684.5,1696.4,1760.08,7844420,1.38068E+15,380004,4974137,0.6341
17-03-2020,TCS,1696.4,1730,1731,,1632,1658,1687.98,5713269,9.64391E+14,224133,3892439,0.6813
,TCS,,1676.8,1713.55,1627.75,1670,1654.4,1667.41,7259111,1.21039E+15,276794,4565294,0.6289
19-03-2020,TCS,1654.4,1559.7,1685.45,1546.75,1636,1636.35,1622.31,5135162,8.33084E+14,248319,2515229,0.4898
20-03-2020,TCS,1636.35,1630,1869,1627,1792.95,1797.45,1787.53,8547645,1.52791E+15,361688,3868118,0.4525
23-03-2020,TCS,1797.45,1620,,1617.75,1631,1669.7,1687.63,7003558,1.18194E+15,190709,4237215,0.605
,TCS,1669.7,1653.05,1770,1632.85,1699.95,1703.15,,6354209,1.09098E+15,309791,3520631,0.5541
25-03-2020,TCS,1703.15,1700,1810,1680,1732,1750.3,1735.21,2765527,4.79877E+14,200205,1152908,
26-03-2020,TCS,1750.3,1831.6,1832.05,1722.55,1785,1790.95,1783.59,4556071,8.12617E+14,251428,2650292,0.5817
27-03-2020,TCS,1790.95,1820,1850,1750.4,1850,1824.5,1796.8,4331310,7.78251E+14,217336,2319309,0.5355
30-03-2020,TCS,1824.5,,1905,1763.55,1781.7,1778.5,,8513608,1.54391E+15,277606,5214886,0.6125
31-03-2020,TCS,1778.5,1837.4,1855,1780,,1826.1,1824.45,3927593,7.16571E+14,190774,1752624,0.4462
01-04-2020,TCS,1826.1,1825.9,1834.75,,1714,1708.75,1763.66,,8.71581E+14,221364,2619484,0.5301
03-04-2020,TCS,1708.75,1740,1740,1650,1659,1654.2,1688.3,5735529,9.68332E+14,244588,2453808,0.4278
07-04-2020,TCS,1654.2,1710,1785.85,1705,1765.85,1775.2,1747.2,5427965,,232534,3020094,0.5564
08-04-2020,TCS,1775.2,1760,1806,1701,1708,1705.45,1736.76,,1.09166E+15,276600,2533692,0.4031
09-04-2020,TCS,1705.45,1750.45,1778.8,1731.2,1761,1766.15,1759.13,5307649,9.33687E+14,184889,2682616,0.5054
13-04-2020,TCS,1766.15,,1787,,1761.6,1759.25,1761.05,2990478,5.26638E+14,,1242289,0.4154
15-04-2020,TCS,1759.25,1785,1812,1727.8,1735,,1774.09,,8.44718E+14,196087,2136320,0.4487
,TCS,1735.15,1709.95,1764.9,1675.05,1720.5,1716.05,,6245583,1.07458E+15,284814,2110034,0.3378
17-04-2020,TCS,1716.05,1800,1851.95,1753,1810,1806.2,,9895825,1.7964E+15,363192,3217550,0.3251
20-04-2020,TCS,1806.2,1830,1830,1802.5,1818.6,1818.65,1815.63,3244293,5.89044E+14,136285,,0.4339
21-04-2020,TCS,1818.65,1765,1794.6,1727.7,,1737.65,1749.84,5122606,8.96374E+14,190349,2457408,0.4797
22-04-2020,TCS,1737.65,1737.65,1790,1719.15,,1769.5,1754.72,3829839,6.72028E+14,180947,1518445,0.3965
23-04-2020,TCS,,1780,1900,1760.85,,1878.25,1844.03,,1.09432E+15,257398,2087199,0.3517
,TCS,1878.25,1840.7,1851.95,1807.8,1821,1818.55,1825.54,2987150,5.45317E+14,142967,1103567,0.3694
27-04-2020,TCS,1818.55,1832.3,1875,1825,1834,1836.6,1853.6,3374747,6.25542E+14,140822,1333349,0.3951
28-04-2020,TCS,1836.6,1865,1868,1832.6,1865,1859.05,1851.06,2678512,4.9581E+14,117278,1119539,0.418
29-04-2020,TCS,1859.05,1874,1912.55,1850.05,,1905.65,1882.9,4241579,7.98649E+14,158389,1705279,0.402
30-04-2020,TCS,1905.65,1980,2032,1942.2,2019.55,2014.45,,5915950,1.17697E+15,241064,2636626,0.4457
04-05-2020,TCS,2014.45,1966,1966,1913.65,1930.5,,1939.3,3729409,7.23244E+14,165528,1752041,
,TCS,1930.45,1955.1,1977,1927,1932.75,1932.75,1952.86,2905541,5.67412E+14,147469,1095381,0.377
06-05-2020,TCS,1932.75,1939.8,,1893.6,1908.5,1903.6,1920.77,3517432,6.75618E+14,172517,1154410,0.3282
07-05-2020,TCS,1903.6,1910,1934.45,1883.35,1895.95,1891.65,1909.43,3166784,6.04677E+14,154795,941078,0.2972
08-05-2020,TCS,1891.65,1939.1,1939.5,1886.25,1897,1893.4,1902.14,2686536,5.11017E+14,122431,858746,0.3196
11-05-2020,TCS,1893.4,1909,1951.4,1909,1936,1935.3,1939.47,2449846,,120116,738177,0.3013
12-05-2020,TCS,1935.3,1933.4,1956.5,1910.25,1948,,,3256630,6.32187E+14,177881,992103,0.3046
13-05-2020,TCS,1949.5,,1994,1925.65,1944.5,1949.65,1946.67,2656665,5.17165E+14,127103,938030,0.3531
14-05-2020,TCS,1949.65,1910,1923.1,1891.1,1902,1902.35,1905.48,2263204,4.31248E+14,111897,931246,0.4115
15-05-2020,TCS,1902.35,1916,1917.4,1865.2,1903,1892.9,1884.25,3173682,5.98E+14,157447,1312065,0.4134
18-05-2020,TCS,1892.9,1907,1952.95,1872.1,1940.05,1945.6,1921.1,3727896,7.16167E+14,158352,1140903,0.306
19-05-2020,TCS,1945.6,1903,1966.45,1903,1948.1,1948.65,1945.9,3198699,,148060,1142215,0.3571
,TCS,1948.65,1950,1962.9,1931.7,1953.55,1953.6,1946.92,2778505,5.40951E+14,130438,1398276,0.5032
21-05-2020,TCS,1953.6,1946,1998,1941.15,1990.1,1991.2,1977.64,3400925,6.7258E+14,125723,1818084,0.5346
22-05-2020,TCS,1991.2,1977.1,2032,1961.25,2015.15,2020.35,,3663422,7.34559E+14,129277,1423498,0.3886
26-05-2020,TCS,2020.35,2015,,1925,1948.95,1943,1969.21,4575512,9.01014E+14,170636,2223882,
27-05-2020,TCS,1943,1959,2010,1941.25,2008,2005.3,1975.64,3482185,6.87954E+14,131846,,0.3373
28-05-2020,TCS,2005.3,1988.5,2014,1971.3,2006.25,2004.3,1988.53,3475788,6.91172E+14,149827,1346787,0.3875
29-05-2020,TCS,2004.3,1982,2002.65,1962.4,1980.9,1972.35,1977.79,,1.43148E+15,180576,4581484,0.633
01-06-2020,TCS,,1990,2060,1981.1,2038,2045.25,2033.41,3747850,7.62091E+14,146513,1266772,0.338
,TCS,2045.25,2060.2,2081,2040.05,2049.95,2047.15,2057.96,2443886,5.02941E+14,116685,897807,0.3674
03-06-2020,TCS,2047.15,,2063.75,2020,2048,2046.15,2038.22,3699799,7.54099E+14,154423,1958989,0.5295
04-06-2020,TCS,2046.15,2046.75,2100,2046.75,2094.95,2091.55,,4048593,8.40414E+14,147400,1525655,0.3768
05-06-2020,TCS,2091.55,2091.6,2098,2040.3,2053,2048.25,2054.59,3573299,7.34166E+14,143792,1171097,0.3277
08-06-2020,TCS,2048.25,2078.25,2095,2062.1,2070,2071.75,2078.75,2957841,6.14861E+14,108037,918772,0.3106
09-06-2020,TCS,2071.75,2063.1,2095.5,2060.25,2075,2072.05,2079.22,2910152,6.05085E+14,150567,1285171,0.4416
10-06-2020,TCS,2072.05,2077.05,2132,2073.5,2109,2108.75,,5168494,1.08979E+15,187675,1657664,0.3207
,TCS,2108.75,2100,2105,,2069,2067.65,2077.3,2269569,4.71459E+14,,687131,0.3028
,TCS,2067.65,2011.2,,2011,,2039.5,2026.47,2842757,5.76078E+14,130558,1139648,0.4009
15-06-2020,TCS,2039.5,2039.1,2059,2000.95,2036.2,2029.9,2027.78,2399028,,97163,621670,
16-06-2020,TCS,2029.9,,2073.95,,2041.8,2045.8,2051.87,2146528,4.40439E+14,89213,753988,
,TCS,,2046,2058.85,2026.55,2048,,2042.73,2703546,,,1286034,0.4757
18-06-2020,TCS,2047.8,2045,2059.2,2025.2,2036.2,2038.1,2039.63,1944471,3.96601E+14,77874,,0.3216
19-06-2020,TCS,,2042,2090,2032,2043.65,2044.6,2050.29,5681784,1.16493E+15,152183,3384227,0.5956
22-06-2020,TCS,2044.6,2050,2052.25,2019.15,2032,2027.95,2033.74,3196138,6.50012E+14,109018,,0.4325
23-06-2020,TCS,2027.95,2027,2044,2010,2039,2035.3,2027.43,4206122,8.52762E+14,136481,,0.5069
24-06-2020,TCS,2035.3,,2064.25,2031.6,2042,,2052.03,2560951,5.25514E+14,,907215,0.3542
25-06-2020,TCS,2042.2,,2060,2009.25,2015.4,2016.1,,3044089,6.18943E+14,127554,1367041,0.4491
,TCS,2016.1,2025,2132,2019.95,2115.2,2118.85,2095.55,6300912,1.32039E+15,237429,1985173,0.3151
29-06-2020,TCS,2118.85,2108,2127.6,2091.3,2103.45,2101.65,2104.79,3076344,,109993,1159263,0.3768
,TCS,2101.65,2100,,2075.05,2085.05,2082.15,2091.7,,6.42546E+14,121691,1277270,0.4158
01-07-2020,TCS,2082.15,2079.7,,2079.5,2095,2092.05,2100.06,2503466,5.25744E+14,103067,829392,0.3313
,TCS,2092.05,2102,2165,2098,2159,2157.15,,3758709,8.05787E+14,140145,,0.3762
03-07-2020,TCS,2157.15,2163.65,2205,2160.25,2195,2199.65,2188.8,4185215,9.16058E+14,130448,1461405,0.3492
06-07-2020,TCS,2199.65,2205,2269.9,,2261,2263.2,2247.63,5190366,1.1666E+15,161168,2379673,0.4585
07-07-2020,TCS,2263.2,2275,2302.7,2232.15,,,,,1.27461E+15,206374,1863660,0.331
08-07-2020,TCS,2269.9,2270,2274.4,2207.6,2219,2218.9,2240.93,2793674,6.26043E+14,130484,1098745,0.3933
09-07-2020,TCS,2218.9,2229,2244.5,2191.05,2212.5,2204.35,2209.06,3443998,7.60801E+14,133367,846325,0.2457
10-07-2020,TCS,2204.35,2205.25,,2176,2221.1,2222.35,2210.93,,2.12477E+15,292369,1433298,0.1491
13-07-2020,TCS,2222.35,2220,2244.95,2210,2222.25,,2225.83,2963525,6.5963E+14,100495,938363,0.3166
14-07-2020,TCS,2220,2210,2239,2165,2175,2171.95,2199.6,2976749,6.54767E+14,117480,1212619,
15-07-2020,TCS,2171.95,2185,2260,2181.1,2231.1,2233.9,2228.76,5569322,1.24127E+15,201144,1964036,0.3527
16-07-2020,TCS,2233.9,2244,2333,2220.1,2233,2234.75,2275.23,8582120,1.95263E+15,279321,,0.3646
17-07-2020,TCS,2234.75,2237,2243.9,2190.05,2207.9,2200.75,2204.05,4509143,9.93836E+14,183317,1875874,0.416
20-07-2020,TCS,2200.75,2201,2226.9,2190.8,2214,2207.9,2205.5,2952719,6.51222E+14,99805,901482,0.3053
21-07-2020,TCS,2207.9,2230,2238.65,,2224.55,2225.05,2220.42,2665386,5.91828E+14,128640,1177304,0.4417
22-07-2020,TCS,,2231,2231,2184.2,2190,2190.95,2199.54,2861698,6.29442E+14,108851,,0.5389
,TCS,2190.95,2190.95,2190.95,2163,2174.2,2171.2,2175.33,2265791,4.92884E+14,100469,1015290,0.4481
24-07-2020,TCS,2171.2,,2163,2125.1,2158.8,2157.4,2143.7,3665123,,154927,1392828,0.38
,TCS,2157.4,2165,,2163.5,2205,2206.8,2196.82,,9.33392E+14,185606,1148531,0.2703
28-07-2020,TCS,2206.8,2215,2320,2215,2310.2,2309.75,,8092458,1.83963E+15,261902,3170172,0.3917
29-07-2020,TCS,2309.75,2292,2342,2246.05,2279,,2291.87,6090440,1.39585E+15,231420,1364265,0.224
,TCS,2276.05,,2358,2272.25,2281,2279.5,2315.35,7098913,1.64365E+15,,1819696,0.2563
31-07-2020,TCS,2279.5,2303.15,2334.8,,2290.45,2281.4,2295.95,4723290,1.08445E+15,183229,877006,0.1857
03-08-2020,TCS,2281.4,,2303.85,,2249,2254.15,2255.66,4012445,9.0507E+14,124563,1886262,0.4701
04-08-2020,TCS,2254.15,2259.95,2269.65,2225.05,2249.95,2249.7,2248,2927953,6.58204E+14,113209,1048510,0.3581
05-08-2020,TCS,2249.7,2260,,2253,2259,2259.5,2270.76,,8.63035E+14,140871,1096392,0.2885
06-08-2020,TCS,2259.5,2275,2319.5,2265.35,2309.85,,2300.33,4748348,1.09228E+15,179033,1406212,0.2961
07-08-2020,TCS,2308.1,2308,2328,2287,2295,2295.35,,3165495,,98547,1385964,0.4378
10-08-2020,TCS,2295.35,2318,2325,2276.05,2283,2282.8,2301.82,2929385,6.74291E+14,83569,1206424,0.4118
11-08-2020,TCS,2282.8,2283,2312,2275.6,,2279.9,2290.19,2774509,6.35416E+14,91227,,0.4289
12-08-2020,TCS,2279.9,2288.35,2296.4,2246.55,2262,2257.35,2265.65,3415766,7.73893E+14,,1350702,0.3954
13-08-2020,TCS,2257.35,,2300,2250.5,2260,2254.45,2270.22,2695682,,105012,973637,
14-08-2020,TCS,2254.45,2277,2281.3,2233.1,2243.85,2242.15,2256.4,2270405,5.12295E+14,95783,1016058,0.4475
17-08-2020,TCS,2242.15,2263,2270,2238.25,2260.5,2253.4,2253.53,2625670,5.91702E+14,78270,1077702,0.4104
18-08-2020,TCS,2253.4,2262.8,2289,2248.3,2269.8,2269.75,2269.85,3493411,7.92951E+14,123985,1312308,0.3757
19-08-2020,TCS,2269.75,2276.35,,2252.5,2260,2256.6,2264.81,2843007,6.43887E+14,87911,1316273,0.463
20-08-2020,TCS,2256.6,2257,2276.55,2240.05,2249,2252.85,2255.13,2895265,6.52921E+14,97538,1181770,0.4082
21-08-2020,TCS,2252.85,2260,2271,2241.05,2249.75,2248.6,2252.12,1975304,4.44862E+14,76072,700157,0.3545
24-08-2020,TCS,2248.6,2250.6,2259.95,2230,2250.25,2248.1,2245.05,2167987,4.86724E+14,70491,745803,0.344
25-08-2020,TCS,2248.1,2245,2250,2233.55,2242,2242.65,2242.51,1663454,3.7303E+14,65398,636403,
26-08-2020,TCS,2242.65,2242,2259.9,2216.45,2257,2253.5,2237.68,2618159,5.85859E+14,100248,954842,0.3647
27-08-2020,TCS,2253.5,2266,2287.35,2241.75,2250,2248.4,2265.38,3579397,8.10869E+14,113510,1234036,0.3448
28-08-2020,TCS,2248.4,2268.4,,2235.1,2238.25,2238.55,2248.99,2941156,6.61462E+14,100143,,0.4623
31-08-2020,TCS,,,2276.2,,2245.95,2257.25,2252.44,,1.35555E+15,182980,2955109,0.491
01-09-2020,TCS,2257.25,2269,2278,2241.3,2250,2246.35,2258.27,3610908,8.1544E+14,122003,1581545,0.438
02-09-2020,TCS,2246.35,2247,2268.75,2241.65,2263.75,2265.15,2257.34,2084152,4.70464E+14,89121,1004535,0.482
03-09-2020,TCS,2265.15,2268,2324,,2299,,2301.29,4654146,1.07105E+15,170993,1233359,0.265
04-09-2020,TCS,2299.5,2275,2324.25,2262.95,2297.65,2288.8,2295.35,5232180,1.20097E+15,177219,2085700,0.3986
07-09-2020,TCS,,2289,2343.5,2283.35,2330,2327.05,2319.63,4620416,1.07177E+15,157714,1077421,
08-09-2020,TCS,,2335.95,2390.45,2327.05,2343.95,2348.2,,7454161,1.76354E+15,233593,1535823,0.206
09-09-2020,TCS,2348.2,2325,2359,2320,2322,2327.65,2336.59,3866542,9.03453E+14,114778,1379634,0.3568
10-09-2020,TCS,2327.65,2335,2348.5,2324.3,2329.1,2331.15,2334.85,2308813,5.39073E+14,,860606,
11-09-2020,TCS,,2330.95,2383,2330.15,2370.3,2374.1,2367.47,4145429,9.81418E+14,161900,1407826,
14-09-2020,TCS,2374.1,2384.1,,2381.85,,,2447.42,7512284,1.83857E+15,259748,2210359,
15-09-2020,TCS,2491.4,2491.4,2538,2464.6,2489,2491.4,,7318773,1.83174E+15,229851,1906819,0.2605
16-09-2020,TCS,2491.4,,2507.6,2477.3,2502,2503,2492.52,3074013,7.66205E+14,126981,1151748,
17-09-2020,TCS,2503,2480,2495.75,2450.6,2466.05,,2473.58,4828231,1.1943E+15,162667,2534877,0.525
18-09-2020,TCS,2460.95,,2500.4,2436.4,2457.5,2449.9,,4183256,,132358,2251126,0.5381
,TCS,2449.9,2465,2504.9,2452.15,2467,2465.3,2484.95,4598809,1.14278E+15,182859,1287735,0.28
22-09-2020,TCS,2465.3,2485,2555,2458,2527,2522.95,2513.02,,1.88475E+15,227930,1600955,0.2135
23-09-2020,TCS,2522.95,2510,2519.85,2409,2461.05,2467.45,,7503152,1.85079E+15,255912,,0.292
24-09-2020,TCS,2467.45,2450,2450,,2332.9,2332.25,2355.03,,1.98414E+15,304819,2896527,0.3438
25-09-2020,TCS,2332.25,2368,2440,2352.1,2417.75,2422.3,2412.24,8228297,1.98486E+15,267956,1785457,0.217
28-09-2020,TCS,2422.3,2440,2444,2366,2429,,2403.73,4347177,1.04495E+15,173323,836214,0.1924
29-09-2020,TCS,2426.3,2434.85,2511.05,2426.3,2486.75,2488.4,2489.18,,1.74138E+15,235653,1430697,0.2045
30-09-2020,TCS,2488.4,2489,2505,2460,2483,2492.3,2485.2,3917186,9.73499E+14,133456,1499169,0.3827
01-10-2020,TCS,2492.3,2510,2540,2492.3,2540,2523.45,2508.29,2610338,6.54748E+14,103469,747931,0.2865
,TCS,2523.45,2620,2728.1,2603.05,2713.95,2705.8,2670.27,17412119,4.64951E+15,495784,2477947,0.1423
06-10-2020,TCS,2705.8,2736,2736,,,2714.3,2688.29,9846376,2.64699E+15,308149,1890863,0.192
07-10-2020,TCS,2714.3,2742,2770,2703,2752.8,2735.95,2728.88,9656167,2.63506E+15,306556,2543041,0.2634
08-10-2020,TCS,2735.95,,2885,,2818.45,,2855.52,19839826,5.66531E+15,542541,2925398,0.1475
09-10-2020,TCS,2825.7,2810,,2780,2811,2812.95,2804.8,7739375,2.17074E+15,239979,2016789,
12-10-2020,TCS,2812.95,2815.5,2854,2800.75,2826.15,2830,2832.22,4623211,1.30939E+15,164934,1359019,0.294
13-10-2020,TCS,2830,2845,2854.9,,2830.5,2826.55,2834.44,,1.19327E+15,156554,1335928,0.3173
14-10-2020,TCS,2826.55,2842,2842,2787.55,2810,2809.6,2808.82,4395979,1.23475E+15,,1813426,0.4125
15-10-2020,TCS,2809.6,2811,2827.75,2727,,2740.6,2757.66,6629395,1.82816E+15,190209,,0.4601
,TCS,2740.6,2750.1,2771.65,2731.3,2757,,2756.34,5273773,1.45363E+15,111405,2268743,0.4302
19-10-2020,TCS,2763.3,2774,2774,2706.6,2714.8,2711.55,2723.63,3331194,9.07295E+14,151449,1370233,0.4113
20-10-2020,TCS,2711.55,2725,,2717.95,2739,,2743.85,3406298,9.34638E+14,137012,1402392,0.4117
21-10-2020,TCS,2739,2739,2749,2663.05,2678,2675.4,2700.88,4570175,1.23435E+15,207866,2385821,0.522
22-10-2020,TCS,2675.4,2661,2686.65,2638.1,2672.9,2671.15,2664.97,5262311,1.40239E+15,167510,2554936,0.4855
23-10-2020,TCS,2671.15,,2702,2670.1,2687,2686.8,2687.39,3499372,9.40418E+14,,1911506,0.5462
,TCS,2686.8,2689.95,,2670.5,,2688.2,2694.09,2672766,7.20067E+14,101255,908018,0.3397
27-10-2020,TCS,2688.2,2699.75,2718.15,2624.1,2634.8,2630.15,2654.79,3537594,,172659,1597439,0.4516
28-10-2020,TCS,2630.15,2650,,2606,2619.5,,,3569515,9.37229E+14,143177,1548301,0.4338
29-10-2020,TCS,2622.2,2608,2655,2600.25,2632.1,2632.65,2634.88,3105970,,121416,1069258,
,TCS,2632.65,2636.1,2674.35,2621.6,2663.55,2664.85,2654.92,3427003,9.09842E+14,120277,1334806,0.3895
02-11-2020,TCS,2664.85,2660,,2600.05,,2604.6,2618.15,2571196,6.73178E+14,117447,1137130,0.4423
03-11-2020,TCS,2604.6,2604,2665,2601.05,2629,2633.6,2635.01,2879269,7.58691E+14,117355,1034396,0.3593
04-11-2020,TCS,2633.6,2610,2721.85,2610,2656,2653.15,,4893928,1.31331E+15,210543,1515071,0.3096
05-11-2020,TCS,2653.15,,2710,2667,2688,2685.7,2688.19,2816502,7.5713E+14,119199,940632,
06-11-2020,TCS,2685.7,2699,2713.25,2681.3,2711,2707.45,,3884421,1.04854E+15,132771,2078180,0.535
09-11-2020,TCS,2707.45,,2744,,2726,2726.6,,3646592,,162134,1305417,0.358
10-11-2020,TCS,2726.6,2697.2,2713.15,,,2649.6,2663.45,4760020,1.26781E+15,240272,1871537,0.3932
11-11-2020,TCS,2649.6,2667.95,2692.8,2643.4,,,2669.85,3242441,8.65683E+14,168899,1292728,0.3987
12-11-2020,TCS,2687.8,2686,2713,2661.75,2674.75,2671.05,2679.78,2437505,6.53199E+14,100997,1134593,0.4655
13-11-2020,TCS,2671.05,,2664.9,2636,2661.2,,2650.87,2548093,6.75466E+14,,1218667,0.4783
14-11-2020,TCS,2656.85,2677.95,2689,,2673.25,2670.35,2669.67,298819,,20530,127612,0.4271
17-11-2020,TCS,2670.35,2695,2695,,2661.25,2666.05,2670.8,2827273,7.55107E+14,134996,1460105,0.5164
18-11-2020,TCS,2666.05,2661,2664.2,2607.05,2626,2626.65,2625.58,2893762,7.59779E+14,136273,1405121,0.4856
19-11-2020,TCS,,2637,2676.15,2630.85,2640.25,2636.9,2648.32,4167501,1.10369E+15,178640,1916634,0.4599
20-11-2020,TCS,2636.9,2655,2676,2627.55,2657.8,2660.25,2657.32,2711471,7.20524E+14,118196,,0.391
23-11-2020,TCS,,2690,2730,2665,,2724.25,2706.23,,1.00304E+15,150378,1534732,0.4141
24-11-2020,TCS,2724.25,2734.4,2743,2705,2726,2722.05,2724.87,,8.50299E+14,148092,1269435,0.4068
25-11-2020,TCS,2722.05,2729,2732.95,2688.2,2700,2701.3,2707.81,,8.94187E+14,163422,1804711,0.5465
26-11-2020,TCS,2701.3,2686,2730.95,,2730,2720.6,2703.16,2341099,6.32837E+14,103635,1019732,0.4356
27-11-2020,TCS,2720.6,2705,2717.7,2669.05,2678,2679.65,2684.61,6086808,1.63407E+15,168842,3377042,0.5548
01-12-2020,TCS,2679.65,2679,2735.9,2624.45,2729,2726.8,2695.43,3605017,9.71708E+14,,1876311,0.5205
02-12-2020,TCS,2726.8,2719,2754.7,2702.45,2745.5,2749.55,2727.49,2509032,6.84335E+14,106756,1153028,0.4596
03-12-2020,TCS,2749.55,2773.9,2773.9,,,2709.45,,2852548,7.78381E+14,121400,1596838,0.5598
04-12-2020,TCS,2709.45,,2738.85,2699,2723,2727.55,2722.95,2686527,7.31529E+14,121585,1180784,0.4395
07-12-2020,TCS,2727.55,2715,2744,2706.15,2741,2737.7,2721.02,1996400,5.43225E+14,,992587,
08-12-2020,TCS,2737.7,2740,2805.55,2732.45,2795,2797.3,2771.25,4277818,1.18549E+15,,2085610,0.4875
09-12-2020,TCS,,2815,2840,2793.15,,2810.8,2817.31,3659996,1.03114E+15,,1167517,
10-12-2020,TCS,2810.8,,2827.3,2780.25,2784.8,2784.3,2794.17,2127801,5.94544E+14,106653,1009035,0.4742
11-12-2020,TCS,2784.3,2792.7,2807.7,2764.55,2782,2783.6,2789.22,1795408,5.00778E+14,90719,,0.4514
14-12-2020,TCS,2783.6,2802,2804,2756.25,2796.55,2797.7,2787.4,2483658,6.92295E+14,112781,1487586,0.5989
15-12-2020,TCS,,2786,2794.7,2755,2763.95,2761.55,2768.65,2365509,6.54927E+14,152067,1252080,0.5293
16-12-2020,TCS,2761.55,2779,2819.8,2760.45,,2814.2,2792.39,2565149,7.16289E+14,109504,1358603,0.5296
17-12-2020,TCS,2814.2,,2853.7,2805,2848.7,2838.2,2823.94,2863460,8.08624E+14,121983,1423130,0.497
18-12-2020,TCS,,2868,2898,2846.2,2851.95,2861,2873.74,6076692,1.74628E+15,178840,2436219,0.4009
21-12-2020,TCS,2861,2861,2886.5,2785,2810,2820.15,,2705195,7.71848E+14,141821,887083,0.3279
22-12-2020,TCS,2820.15,2834,2883.65,2818.65,2870.65,2872.5,2848.13,2881737,8.20757E+14,158517,1123581,
23-12-2020,TCS,2872.5,2876.05,2919,,2907.15,2908.75,2904.67,2790988,8.10691E+14,125341,947547,0.3395
24-12-2020,TCS,2908.75,2909,2921.35,2883.2,2908.95,2909.35,,1807144,5.24589E+14,76405,569310,0.315
28-12-2020,TCS,2909.35,2910,2949.7,2902,2932.1,2929.4,2929.11,2108994,6.17747E+14,106481,717415,0.3402
29-12-2020,TCS,,,2952,2920,2935,2930.5,2937.59,1994151,5.858E+14,99597,,0.4645
,TCS,2930.5,2934.4,2947.7,,2910,2909.3,2918,,7.6976E+14,,1441442,0.5464
31-12-2020,TCS,2909.3,2900,2905,,2864.95,,2874.36,4040956,1.16152E+15,130170,2350220,0.5816
01-01-2021,TCS,2862.75,2880,2940,2879,2932,2928.25,2913.52,2681440,7.81244E+14,88216,,0.188
04-01-2021,TCS,2928.25,2950,3050.75,2940.95,,3039.45,2998.15,,1.53304E+15,,1182335,0.2312
05-01-2021,TCS,3039.45,,3114.25,3039.6,,3093,3084.07,5801309,1.78916E+15,202735,1554550,0.268
06-01-2021,TCS,3093,,3113.5,3037.2,3053,3051.5,3078.56,3726716,1.14729E+15,172084,1054841,0.283
07-01-2021,TCS,3051.5,3075,3080.85,3000.25,3048.65,3032.8,3028.74,3717827,1.12603E+15,,1490971,0.401
08-01-2021,TCS,3032.8,3090,3128,3060,3122.75,3120.9,3100.97,5879039,1.82307E+15,214010,1754802,0.2985
11-01-2021,TCS,3120.9,3230,3230,3146.55,3170.45,3176.45,3174.16,9508039,,294091,3153741,0.3317
12-01-2021,TCS,3176.45,3176.45,3210,3150,3172,3174.85,3187.07,3611458,1.151E+15,,1656842,0.4588
13-01-2021,TCS,3174.85,3175,,3126.25,3158,3158.95,3147.46,3572801,,189690,1857249,0.5198
14-01-2021,TCS,3158.95,,3266.5,3120.4,3244.35,3250.7,3207.17,6931542,2.22306E+15,276953,3067056,0.4425
15-01-2021,TCS,3250.7,3235,3274,3210,3229.95,3233.35,3240.98,4131692,1.33907E+15,193972,,0.4742
18-01-2021,TCS,3233.35,3250,3256.75,3187.4,3215,3221.75,3230.06,4160906,1.344E+15,195067,2204487,0.5298
19-01-2021,TCS,,3233,3279,3232,3265.6,3260.7,3256.44,2975735,9.69031E+14,135064,1409143,0.4735
20-01-2021,TCS,,3270,3327.95,3267.1,3305,,3304.97,3453446,,169490,1498128,0.4338
21-01-2021,TCS,,3305,3309.15,3262.1,3274.05,3273.85,3281.88,2778546,9.11885E+14,134629,1222458,0.44
22-01-2021,TCS,3273.85,3241.9,3325,,3292.2,3303.1,3300.02,3052459,1.00732E+15,120993,,0.465
25-01-2021,TCS,,3308.95,,3278.65,3298,3291.3,3314.24,2272887,7.53289E+14,122553,1208668,0.5318
27-01-2021,TCS,3291.3,3300,3306.45,3227,3263,,3265.48,2786662,9.09978E+14,175811,,0.5011
28-01-2021,TCS,3261.05,3230,3275,3183.8,3202.95,3196.55,,3083938,9.93407E+14,154535,1689185,0.5477
29-01-2021,TCS,3196.55,3210.05,3216.85,3100,3126.95,3111.35,3142.99,,1.71156E+15,185207,3601765,0.6614
01-02-2021,TCS,3111.35,3100,3165,3044.1,3150,3139.35,3098.04,3985846,1.23483E+15,280031,2125201,0.5332
02-02-2021,TCS,3139.35,3174,3224,3150,3195,3203.45,3197.36,2881837,9.21428E+14,114024,1461083,
03-02-2021,TCS,3203.45,3213,,3162.65,3200,3200.05,3209.5,2505866,8.04258E+14,116096,916858,0.3659
04-02-2021,TCS,,3216.05,,3176,3185.5,3188.45,3198.51,2057261,6.58016E+14,,994481,0.4834
05-02-2021,TCS,3188.45,3198.95,3205.85,3129,3160.5,3157.95,3154.91,2366135,7.46493E+14,,992928,
08-02-2021,TCS,3157.95,3189.5,3226,3155.15,3219,3214.1,,2526592,8.06255E+14,155790,,0.4595
09-02-2021,TCS,3214.1,3195,3245.8,3164,3176,,3212.7,2658751,8.54178E+14,171299,1305574,0.491
10-02-2021,TCS,3176.9,3185,3219.4,3157.3,,3213.3,3197.06,2127983,6.80329E+14,115813,713331,0.3352
11-02-2021,TCS,3213.3,3215,3219.3,3185.05,3204.5,3206,3201.77,1165882,3.73288E+14,53910,466871,0.4004
12-02-2021,TCS,3206,3184.2,3245.5,3182,3188.25,3190.8,3214.96,2777404,8.92925E+14,113414,872187,0.314
15-02-2021,TCS,,,,3131.55,3149,3139.85,3156.8,2630853,8.30507E+14,,1214830,0.4618
16-02-2021,TCS,3139.85,3150,3167.65,,3113,3108.8,3122.98,3435770,1.07298E+15,171006,1651579,0.4807
17-02-2021,TCS,3108.8,3105.1,3132.85,3045.55,3073.45,3073.1,3076.93,3678426,1.13183E+15,204277,1516981,0.4124
18-02-2021,TCS,3073.1,3065,3097.9,3031,3055,3057.35,3057.94,4189909,1.28125E+15,176370,2042317,0.4874
19-02-2021,TCS,3057.35,3058,3087.15,3016.15,3078,3071.85,3047.73,3725028,1.13529E+15,130797,1878814,
,TCS,3071.85,3096,3096,2943.15,,2958.45,2999.26,5366696,,266786,2809615,0.5235
23-02-2021,TCS,2958.45,2970,3028,2968,2985.1,2980.2,2996.35,3832829,1.14845E+15,192941,1770672,0.462
,TCS,2980.2,,3003.35,2921.15,2946.85,2948.1,2946.07,3774549,1.11201E+15,132336,2336704,0.6191
25-02-2021,TCS,2948.1,2974,3029.9,2968.45,2985.05,2995.3,3000.62,4224073,1.26748E+15,223397,2152055,0.5095
26-02-2021,TCS,2995.3,2960,2972.35,2880,2903.85,2894.3,2916.68,5553153,,348532,2860279,0.5151
01-03-2021,TCS,2894.3,2926,2965,2901.8,2935.5,2924.2,2929.39,3265871,9.56701E+14,170820,1676148,0.5132
,TCS,2924.2,2960,3025,,3019,3006.35,2981.6,3306469,9.85856E+14,186577,1407212,0.4256
03-03-2021,TCS,3006.35,3035,3064,2996.9,3058,,3036.11,3509857,1.06563E+15,183148,2032166,0.579
04-03-2021,TCS,3059.1,,3081.45,3016.05,3042.9,3049.7,3058.77,3916760,1.19805E+15,174500,,0.5196
05-03-2021,TCS,3049.7,3016.1,3063.2,2996.6,3025,3008.05,3033.92,,9.71972E+14,127882,1390830,0.4341
08-03-2021,TCS,3008.05,3016,3033,2996,3008.7,3006.95,3016.64,2003125,6.0427E+14,113743,842670,0.4207
09-03-2021,TCS,,3006.95,3066.9,2992.1,3060.5,3050.95,3023.94,1942397,5.8737E+14,133488,1020339,0.5253
,TCS,,3075,,3060,3070,,3077.29,3053778,9.39736E+14,164340,1631893,0.5344
12-03-2021,TCS,3070.95,3075,,3041.35,3053.1,3057.95,3084.2,2938317,9.06234E+14,128801,1465667,0.4988
15-03-2021,TCS,3057.95,3041,3099,3041,3062.05,3066.15,3069.74,3097140,9.50741E+14,138642,1677136,0.5415
16-03-2021,TCS,,3060,3141,3060,3106,3110.05,3114.11,4894756,,190871,,0.4987
17-03-2021,TCS,3110.05,3105,3155,3085.3,3107.4,,,3838390,,183445,1776834,0.4629
18-03-2021,TCS,3112.95,3125.95,3146.45,2987.05,3042,3036.5,3083.67,3656306,1.12748E+15,164183,1670043,0.4568
19-03-2021,TCS,3036.5,3030,,3005,3054.8,3050.2,3049.18,,1.7614E+15,153489,3138698,0.5433
22-03-2021,TCS,3050.2,,,3018.65,3128,3129.65,,2821646,8.70768E+14,137406,1165276,0.413
23-03-2021,TCS,3129.65,3140,3169,3122.85,,,3148.33,3305973,1.04083E+15,167131,1615396,0.4886
24-03-2021,TCS,3142.6,3111.2,3152.3,3111.15,3123.6,,3130.63,2207104,,110682,930779,0.4217
25-03-2021,TCS,3121.1,3112.2,3130.85,3050,3074.5,3064.85,3091.11,3179786,9.82906E+14,153808,1567362,0.4929
26-03-2021,TCS,3064.85,3090.65,3118,3043.05,3062,3066.8,3078.97,3697370,1.13841E+15,201134,1512152,0.409
30-03-2021,TCS,3066.8,3083,3188.45,3060.9,3172,3158.55,3139.65,4694261,,191356,2277177,0.4851
31-03-2021,TCS,3158.55,3155,3205,3132,3175.3,3177.85,3177.88,,1.12181E+15,156653,1236712,
01-04-2021,TCS,3177.85,3191.1,3215,3145,,3165,3178.41,4285076,1.36197E+15,154796,2256615,0.5266
05-04-2021,TCS,3165,3171,3263,3151,3241,3238.9,3206.75,5317862,,229667,2518855,0.4737
06-04-2021,TCS,,3275,3275,3230,,3264.7,3254.36,2291562,7.45757E+14,109190,834510,0.3642
07-04-2021,TCS,3264.7,3259,3277.55,3234.8,3271,,3258.05,2491268,8.11667E+14,122792,1125695,0.4519
08-04-2021,TCS,3271.4,3270,,3266.05,3315,3317.35,3314.03,2578118,8.54396E+14,142722,987260,0.3829
09-04-2021,TCS,3317.35,3354,3354.35,3308,3325,3322.25,3327.38,2911129,9.68642E+14,114832,,0.3585
12-04-2021,TCS,3322.25,,3338.1,,3250,,3275.21,3791828,1.2419E+15,202522,,0.3505
13-04-2021,TCS,3246.55,3214,,3073.05,3120,3104.05,3116.13,8654596,2.69689E+15,436638,3104217,0.3587
15-04-2021,TCS,3104.05,,3237.25,3087.45,3227,3218.95,3168.14,6062760,1.92077E+15,219212,3038656,0.5012
16-04-2021,TCS,,3229,3247,3182.6,3186.1,3195.15,,,1.03483E+15,123918,1401641,0.4347
19-04-2021,TCS,,3169,3189,3135.1,3159.15,3161.8,3164.13,2679106,8.47703E+14,126444,1340909,0.5005
20-04-2021,TCS,,3225,3225.35,3126.35,3140,3144.55,3150.28,3141893,9.89784E+14,162928,1747537,0.5562
22-04-2021,TCS,3144.55,3148,3148,3105.25,3121.05,3118.8,3122.39,1988980,6.21038E+14,172941,1191717,0.5992
23-04-2021,TCS,3118.8,3105,3119,3091.05,3110.2,3109.5,3105.86,1615309,5.01693E+14,93127,772358,0.4781
26-04-2021,TCS,3109.5,3102.05,3153,3088.05,3100.05,3100.8,3122.35,2490260,7.77546E+14,,1345353,0.5402
27-04-2021,TCS,3100.8,3106,3136.1,3103,3132.75,3132,3122.18,1471417,4.59404E+14,97077,849767,0.5775
28-04-2021,TCS,3132,3149.95,3151,3112,,3124.1,3125.72,1639037,,76017,847762,0.5172
29-04-2021,TCS,3124.1,3145.6,,3105.5,3114.45,,3130.83,1621395,5.07631E+14,98275,837567,0.5166
30-04-2021,TCS,3115.25,3099,3132.05,3020,3040,3035.65,3063.19,3072305,9.41106E+14,157829,1942473,0.6323
